videos/video_0.avi,4
videos/video_1.avi,7
videos/video_2.avi,1
videos/video_3.avi,10
videos/video_4.avi,8
videos/video_5.avi,6
videos/video_6.avi,11
videos/video_7.avi,0
videos/video_8.avi,5
videos/video_9.avi,9
videos/video_10.avi,3
videos/video_11.avi,2
videos/video_12.avi,4
videos/video_13.avi,7
videos/video_14.avi,1
videos/video_15.avi,10
videos/video_16.avi,8
videos/video_17.avi,6
videos/video_18.avi,11
videos/video_19.avi,0
videos/video_20.avi,5
videos/video_21.avi,9
videos/video_22.avi,3
videos/video_23.avi,2
videos/video_24.avi,4
videos/video_25.avi,7
videos/video_26.avi,1
videos/video_27.avi,10
videos/video_28.avi,8
videos/video_29.avi,6
videos/video_30.avi,11
videos/video_31.avi,0
videos/video_32.avi,5
videos/video_33.avi,9
videos/video_34.avi,3
videos/video_35.avi,2
videos/video_36.avi,4
videos/video_37.avi,7
videos/video_38.avi,1
videos/video_39.avi,10
videos/video_40.avi,8
videos/video_41.avi,6
videos/video_42.avi,11
videos/video_43.avi,0
videos/video_44.avi,5
videos/video_45.avi,9
videos/video_46.avi,3
videos/video_47.avi,2
videos/video_48.avi,4
videos/video_49.avi,7
videos/video_50.avi,1
videos/video_51.avi,10
videos/video_52.avi,8
videos/video_53.avi,6
videos/video_54.avi,11
videos/video_55.avi,0
videos/video_56.avi,5
videos/video_57.avi,9
videos/video_58.avi,3
videos/video_59.avi,2
videos/video_60.avi,4
videos/video_61.avi,7
videos/video_62.avi,1
videos/video_63.avi,10
videos/video_64.avi,8
videos/video_65.avi,6
videos/video_66.avi,0
videos/video_67.avi,5
videos/video_68.avi,9
videos/video_69.avi,3
videos/video_70.avi,2
videos/video_71.avi,4
videos/video_72.avi,7
videos/video_73.avi,1
videos/video_74.avi,10
videos/video_75.avi,8
videos/video_76.avi,6
videos/video_77.avi,0
videos/video_78.avi,5
videos/video_79.avi,9
videos/video_80.avi,3
videos/video_81.avi,2
videos/video_82.avi,4
videos/video_83.avi,7
videos/video_84.avi,1
videos/video_85.avi,10
videos/video_86.avi,8
videos/video_87.avi,6
videos/video_88.avi,11
videos/video_89.avi,0
videos/video_90.avi,5
videos/video_91.avi,9
videos/video_92.avi,3
videos/video_93.avi,2
videos/video_94.avi,4
videos/video_95.avi,7
videos/video_96.avi,1
videos/video_97.avi,10
videos/video_98.avi,8
videos/video_99.avi,6
videos/video_100.avi,11
videos/video_101.avi,0
videos/video_102.avi,5
videos/video_103.avi,9
videos/video_104.avi,3
videos/video_105.avi,2
videos/video_106.avi,4
videos/video_107.avi,7
videos/video_108.avi,1
videos/video_109.avi,10
videos/video_110.avi,8
videos/video_111.avi,6
videos/video_112.avi,11
videos/video_113.avi,0
videos/video_114.avi,5
videos/video_115.avi,9
videos/video_116.avi,3
videos/video_117.avi,2
videos/video_118.avi,4
videos/video_119.avi,7
videos/video_120.avi,1
videos/video_121.avi,10
videos/video_122.avi,8
videos/video_123.avi,6
videos/video_124.avi,11
videos/video_125.avi,0
videos/video_126.avi,5
videos/video_127.avi,9
videos/video_128.avi,3
videos/video_129.avi,2
videos/video_130.avi,4
videos/video_131.avi,7
videos/video_132.avi,1
videos/video_133.avi,10
videos/video_134.avi,8
videos/video_135.avi,6
videos/video_136.avi,11
videos/video_137.avi,0
videos/video_138.avi,5
videos/video_139.avi,9
videos/video_140.avi,3
videos/video_141.avi,2
videos/video_142.avi,4
videos/video_143.avi,7
videos/video_144.avi,1
videos/video_145.avi,10
videos/video_146.avi,8
videos/video_147.avi,6
videos/video_148.avi,11
videos/video_149.avi,0
videos/video_150.avi,5
videos/video_151.avi,9
videos/video_152.avi,3
videos/video_153.avi,2
videos/video_154.avi,4
videos/video_155.avi,7
videos/video_156.avi,1
videos/video_157.avi,10
videos/video_158.avi,8
videos/video_159.avi,6
videos/video_160.avi,11
videos/video_161.avi,0
videos/video_162.avi,5
videos/video_163.avi,9
videos/video_164.avi,3
videos/video_165.avi,2
videos/video_166.avi,4
videos/video_167.avi,7
videos/video_168.avi,1
videos/video_169.avi,10
videos/video_170.avi,8
videos/video_171.avi,6
videos/video_172.avi,11
videos/video_173.avi,0
videos/video_174.avi,5
videos/video_175.avi,9
videos/video_176.avi,3
videos/video_177.avi,2
videos/video_178.avi,4
videos/video_179.avi,7
videos/video_180.avi,1
videos/video_181.avi,10
videos/video_182.avi,8
videos/video_183.avi,6
videos/video_184.avi,11
videos/video_185.avi,0
videos/video_186.avi,5
videos/video_187.avi,9
videos/video_188.avi,3
videos/video_189.avi,2
videos/video_190.avi,4
videos/video_191.avi,7
videos/video_192.avi,1
videos/video_193.avi,10
videos/video_194.avi,8
videos/video_195.avi,6
videos/video_196.avi,11
videos/video_197.avi,0
videos/video_198.avi,5
videos/video_199.avi,9
videos/video_200.avi,3
videos/video_201.avi,2
videos/video_202.avi,4
videos/video_203.avi,7
videos/video_204.avi,1
videos/video_205.avi,10
videos/video_206.avi,8
videos/video_207.avi,6
videos/video_208.avi,11
videos/video_209.avi,0
videos/video_210.avi,5
videos/video_211.avi,9
videos/video_212.avi,3
videos/video_213.avi,2
videos/video_214.avi,4
videos/video_215.avi,7
videos/video_216.avi,1
videos/video_217.avi,10
videos/video_218.avi,8
videos/video_219.avi,6
videos/video_220.avi,11
videos/video_221.avi,0
videos/video_222.avi,5
videos/video_223.avi,9
videos/video_224.avi,3
videos/video_225.avi,2
videos/video_226.avi,4
videos/video_227.avi,7
videos/video_228.avi,1
videos/video_229.avi,10
videos/video_230.avi,8
videos/video_231.avi,6
videos/video_232.avi,11
videos/video_233.avi,0
videos/video_234.avi,5
videos/video_235.avi,9
videos/video_236.avi,3
videos/video_237.avi,2
videos/video_238.avi,4
videos/video_239.avi,7
videos/video_240.avi,1
videos/video_241.avi,10
videos/video_242.avi,8
videos/video_243.avi,6
videos/video_244.avi,11
videos/video_245.avi,0
videos/video_246.avi,5
videos/video_247.avi,9
videos/video_248.avi,3
videos/video_249.avi,2
videos/video_250.avi,4
videos/video_251.avi,7
videos/video_252.avi,1
videos/video_253.avi,10
videos/video_254.avi,8
videos/video_255.avi,6
videos/video_256.avi,11
videos/video_257.avi,0
videos/video_258.avi,5
videos/video_259.avi,9
videos/video_260.avi,3
videos/video_261.avi,2
videos/video_262.avi,4
videos/video_263.avi,7
videos/video_264.avi,1
videos/video_265.avi,10
videos/video_266.avi,8
videos/video_267.avi,6
videos/video_268.avi,11
videos/video_269.avi,0
videos/video_270.avi,5
videos/video_271.avi,9
videos/video_272.avi,3
videos/video_273.avi,2
videos/video_274.avi,4
videos/video_275.avi,7
videos/video_276.avi,1
videos/video_277.avi,10
videos/video_278.avi,8
videos/video_279.avi,6
videos/video_280.avi,11
videos/video_281.avi,0
videos/video_282.avi,5
videos/video_283.avi,9
videos/video_284.avi,3
videos/video_285.avi,2
videos/video_286.avi,4
videos/video_287.avi,7
videos/video_288.avi,1
videos/video_289.avi,10
videos/video_290.avi,8
videos/video_291.avi,6
videos/video_292.avi,11
videos/video_293.avi,0
videos/video_294.avi,5
videos/video_295.avi,9
videos/video_296.avi,3
videos/video_297.avi,2
videos/video_298.avi,4
videos/video_299.avi,7
videos/video_300.avi,1
videos/video_301.avi,10
videos/video_302.avi,8
videos/video_303.avi,6
videos/video_304.avi,11
videos/video_305.avi,0
videos/video_306.avi,5
videos/video_307.avi,9
videos/video_308.avi,3
videos/video_309.avi,2
videos/video_310.avi,4
videos/video_311.avi,7
videos/video_312.avi,1
videos/video_313.avi,10
videos/video_314.avi,8
videos/video_315.avi,6
videos/video_316.avi,11
videos/video_317.avi,0
videos/video_318.avi,5
videos/video_319.avi,9
videos/video_320.avi,3
videos/video_321.avi,2
videos/video_322.avi,4
videos/video_323.avi,7
videos/video_324.avi,1
videos/video_325.avi,10
videos/video_326.avi,8
videos/video_327.avi,6
videos/video_328.avi,11
videos/video_329.avi,0
videos/video_330.avi,5
videos/video_331.avi,9
videos/video_332.avi,3
videos/video_333.avi,2
videos/video_334.avi,4
videos/video_335.avi,7
videos/video_336.avi,1
videos/video_337.avi,10
videos/video_338.avi,8
videos/video_339.avi,6
videos/video_340.avi,11
videos/video_341.avi,0
videos/video_342.avi,5
videos/video_343.avi,9
videos/video_344.avi,3
videos/video_345.avi,2
videos/video_346.avi,4
videos/video_347.avi,7
videos/video_348.avi,1
videos/video_349.avi,10
videos/video_350.avi,8
videos/video_351.avi,6
videos/video_352.avi,11
videos/video_353.avi,0
videos/video_354.avi,5
videos/video_355.avi,9
videos/video_356.avi,3
videos/video_357.avi,2
videos/video_358.avi,4
videos/video_359.avi,7
videos/video_360.avi,1
videos/video_361.avi,10
videos/video_362.avi,8
videos/video_363.avi,6
videos/video_364.avi,11
videos/video_365.avi,0
videos/video_366.avi,5
videos/video_367.avi,9
videos/video_368.avi,3
videos/video_369.avi,2
videos/video_370.avi,4
videos/video_371.avi,7
videos/video_372.avi,1
videos/video_373.avi,10
videos/video_374.avi,8
videos/video_375.avi,6
videos/video_376.avi,11
videos/video_377.avi,0
videos/video_378.avi,5
videos/video_379.avi,9
videos/video_380.avi,3
videos/video_381.avi,2
videos/video_382.avi,4
videos/video_383.avi,7
videos/video_384.avi,1
videos/video_385.avi,10
videos/video_386.avi,8
videos/video_387.avi,6
videos/video_388.avi,11
videos/video_389.avi,0
videos/video_390.avi,5
videos/video_391.avi,9
videos/video_392.avi,3
videos/video_393.avi,2
videos/video_394.avi,4
videos/video_395.avi,7
videos/video_396.avi,1
videos/video_397.avi,10
videos/video_398.avi,8
videos/video_399.avi,6
videos/video_400.avi,11
videos/video_401.avi,0
videos/video_402.avi,5
videos/video_403.avi,9
videos/video_404.avi,3
videos/video_405.avi,2
videos/video_406.avi,4
videos/video_407.avi,7
videos/video_408.avi,1
videos/video_409.avi,10
videos/video_410.avi,8
videos/video_411.avi,6
videos/video_412.avi,11
videos/video_413.avi,0
videos/video_414.avi,5
videos/video_415.avi,9
videos/video_416.avi,3
videos/video_417.avi,2
videos/video_418.avi,4
videos/video_419.avi,7
videos/video_420.avi,1
videos/video_421.avi,10
videos/video_422.avi,8
videos/video_423.avi,6
videos/video_424.avi,11
videos/video_425.avi,0
videos/video_426.avi,5
videos/video_427.avi,9
videos/video_428.avi,3
videos/video_429.avi,2
videos/video_430.avi,4
videos/video_431.avi,7
videos/video_432.avi,1
videos/video_433.avi,10
videos/video_434.avi,8
videos/video_435.avi,6
videos/video_436.avi,11
videos/video_437.avi,0
videos/video_438.avi,5
videos/video_439.avi,9
videos/video_440.avi,3
videos/video_441.avi,2
videos/video_442.avi,4
videos/video_443.avi,7
videos/video_444.avi,1
videos/video_445.avi,10
videos/video_446.avi,8
videos/video_447.avi,6
videos/video_448.avi,11
videos/video_449.avi,0
videos/video_450.avi,5
videos/video_451.avi,9
videos/video_452.avi,3
videos/video_453.avi,2
videos/video_454.avi,4
videos/video_455.avi,7
videos/video_456.avi,1
videos/video_457.avi,10
videos/video_458.avi,8
videos/video_459.avi,6
videos/video_460.avi,11
videos/video_461.avi,0
videos/video_462.avi,5
videos/video_463.avi,9
videos/video_464.avi,3
videos/video_465.avi,2
videos/video_466.avi,4
videos/video_467.avi,7
videos/video_468.avi,1
videos/video_469.avi,10
videos/video_470.avi,8
videos/video_471.avi,6
videos/video_472.avi,11
videos/video_473.avi,0
videos/video_474.avi,5
videos/video_475.avi,9
videos/video_476.avi,3
videos/video_477.avi,2
videos/video_478.avi,4
videos/video_479.avi,7
videos/video_480.avi,1
videos/video_481.avi,10
videos/video_482.avi,8
videos/video_483.avi,6
videos/video_484.avi,11
videos/video_485.avi,0
videos/video_486.avi,5
videos/video_487.avi,9
videos/video_488.avi,3
videos/video_489.avi,2
videos/video_490.avi,4
videos/video_491.avi,7
videos/video_492.avi,1
videos/video_493.avi,10
videos/video_494.avi,8
videos/video_495.avi,6
videos/video_496.avi,11
videos/video_497.avi,0
videos/video_498.avi,5
videos/video_499.avi,9
videos/video_500.avi,3
videos/video_501.avi,2
videos/video_502.avi,4
videos/video_503.avi,7
videos/video_504.avi,1
videos/video_505.avi,10
videos/video_506.avi,8
videos/video_507.avi,6
videos/video_508.avi,11
videos/video_509.avi,0
videos/video_510.avi,5
videos/video_511.avi,9
videos/video_512.avi,3
videos/video_513.avi,2
videos/video_514.avi,4
videos/video_515.avi,7
videos/video_516.avi,1
videos/video_517.avi,10
videos/video_518.avi,8
videos/video_519.avi,6
videos/video_520.avi,11
videos/video_521.avi,0
videos/video_522.avi,5
videos/video_523.avi,9
videos/video_524.avi,3
videos/video_525.avi,2
videos/video_526.avi,4
videos/video_527.avi,7
videos/video_528.avi,1
videos/video_529.avi,10
videos/video_530.avi,8
videos/video_531.avi,6
videos/video_532.avi,11
videos/video_533.avi,0
videos/video_534.avi,5
videos/video_535.avi,9
videos/video_536.avi,3
videos/video_537.avi,2
videos/video_538.avi,4
videos/video_539.avi,7
videos/video_540.avi,1
videos/video_541.avi,10
videos/video_542.avi,8
videos/video_543.avi,6
videos/video_544.avi,11
videos/video_545.avi,0
videos/video_546.avi,5
videos/video_547.avi,9
videos/video_548.avi,3
videos/video_549.avi,2
videos/video_550.avi,4
videos/video_551.avi,7
videos/video_552.avi,1
videos/video_553.avi,10
videos/video_554.avi,8
videos/video_555.avi,6
videos/video_556.avi,11
videos/video_557.avi,0
videos/video_558.avi,5
videos/video_559.avi,9
videos/video_560.avi,3
videos/video_561.avi,2
videos/video_562.avi,4
videos/video_563.avi,7
videos/video_564.avi,1
videos/video_565.avi,10
videos/video_566.avi,8
videos/video_567.avi,6
videos/video_568.avi,11
videos/video_569.avi,0
videos/video_570.avi,5
videos/video_571.avi,9
videos/video_572.avi,3
videos/video_573.avi,2
videos/video_574.avi,4
videos/video_575.avi,7
videos/video_576.avi,1
videos/video_577.avi,10
videos/video_578.avi,8
videos/video_579.avi,6
videos/video_580.avi,11
videos/video_581.avi,0
videos/video_582.avi,5
videos/video_583.avi,9
videos/video_584.avi,3
videos/video_585.avi,2
videos/video_586.avi,4
videos/video_587.avi,7
videos/video_588.avi,1
videos/video_589.avi,10
videos/video_590.avi,8
videos/video_591.avi,6
videos/video_592.avi,11
videos/video_593.avi,0
videos/video_594.avi,5
videos/video_595.avi,9
videos/video_596.avi,3
videos/video_597.avi,2
videos/video_598.avi,4
videos/video_599.avi,7
videos/video_600.avi,1
videos/video_601.avi,10
videos/video_602.avi,8
videos/video_603.avi,6
videos/video_604.avi,11
videos/video_605.avi,0
videos/video_606.avi,5
videos/video_607.avi,9
videos/video_608.avi,3
videos/video_609.avi,2
videos/video_610.avi,4
videos/video_611.avi,7
videos/video_612.avi,1
videos/video_613.avi,10
videos/video_614.avi,8
videos/video_615.avi,6
videos/video_616.avi,11
videos/video_617.avi,0
videos/video_618.avi,5
videos/video_619.avi,9
videos/video_620.avi,3
videos/video_621.avi,2
videos/video_622.avi,4
videos/video_623.avi,7
videos/video_624.avi,1
videos/video_625.avi,10
videos/video_626.avi,8
videos/video_627.avi,6
videos/video_628.avi,11
videos/video_629.avi,0
videos/video_630.avi,5
videos/video_631.avi,9
videos/video_632.avi,3
videos/video_633.avi,2
videos/video_634.avi,4
videos/video_635.avi,7
videos/video_636.avi,1
videos/video_637.avi,10
videos/video_638.avi,8
videos/video_639.avi,6
videos/video_640.avi,11
videos/video_641.avi,0
videos/video_642.avi,5
videos/video_643.avi,9
videos/video_644.avi,3
videos/video_645.avi,2
videos/video_646.avi,4
videos/video_647.avi,7
videos/video_648.avi,1
videos/video_649.avi,10
videos/video_650.avi,8
videos/video_651.avi,6
videos/video_652.avi,11
videos/video_653.avi,0
videos/video_654.avi,5
videos/video_655.avi,9
videos/video_656.avi,3
videos/video_657.avi,2
videos/video_658.avi,4
videos/video_659.avi,7
videos/video_660.avi,1
videos/video_661.avi,10
videos/video_662.avi,8
videos/video_663.avi,6
videos/video_664.avi,11
videos/video_665.avi,0
videos/video_666.avi,5
videos/video_667.avi,9
videos/video_668.avi,3
videos/video_669.avi,2
videos/video_670.avi,4
videos/video_671.avi,7
videos/video_672.avi,1
videos/video_673.avi,10
videos/video_674.avi,8
videos/video_675.avi,6
videos/video_676.avi,11
videos/video_677.avi,0
videos/video_678.avi,5
videos/video_679.avi,9
videos/video_680.avi,3
videos/video_681.avi,2
videos/video_682.avi,4
videos/video_683.avi,7
videos/video_684.avi,1
videos/video_685.avi,10
videos/video_686.avi,8
videos/video_687.avi,6
videos/video_688.avi,11
videos/video_689.avi,0
videos/video_690.avi,5
videos/video_691.avi,9
videos/video_692.avi,3
videos/video_693.avi,2
videos/video_694.avi,4
videos/video_695.avi,7
videos/video_696.avi,1
videos/video_697.avi,10
videos/video_698.avi,8
videos/video_699.avi,6
videos/video_700.avi,11
videos/video_701.avi,0
videos/video_702.avi,5
videos/video_703.avi,9
videos/video_704.avi,2
videos/video_705.avi,4
videos/video_706.avi,7
videos/video_707.avi,1
videos/video_708.avi,10
videos/video_709.avi,8
videos/video_710.avi,6
videos/video_711.avi,11
videos/video_712.avi,0
videos/video_713.avi,5
videos/video_714.avi,9
videos/video_715.avi,3
videos/video_716.avi,2
videos/video_717.avi,4
videos/video_718.avi,7
videos/video_719.avi,1
videos/video_720.avi,10
videos/video_721.avi,8
videos/video_722.avi,11
videos/video_723.avi,0
videos/video_724.avi,5
videos/video_725.avi,9
videos/video_726.avi,3
videos/video_727.avi,2
videos/video_728.avi,4
videos/video_729.avi,7
videos/video_730.avi,1
videos/video_731.avi,10
videos/video_732.avi,8
videos/video_733.avi,6
videos/video_734.avi,11
videos/video_735.avi,0
videos/video_736.avi,5
videos/video_737.avi,9
videos/video_738.avi,3
videos/video_739.avi,2
videos/video_740.avi,4
videos/video_741.avi,7
videos/video_742.avi,1
videos/video_743.avi,10
videos/video_744.avi,8
videos/video_745.avi,6
videos/video_746.avi,11
videos/video_747.avi,0
videos/video_748.avi,5
videos/video_749.avi,9
videos/video_750.avi,3
videos/video_751.avi,2
videos/video_752.avi,4
videos/video_753.avi,7
videos/video_754.avi,1
videos/video_755.avi,10
videos/video_756.avi,8
videos/video_757.avi,6
videos/video_758.avi,11
videos/video_759.avi,0
videos/video_760.avi,5
videos/video_761.avi,9
videos/video_762.avi,3
videos/video_763.avi,2
videos/video_764.avi,4
videos/video_765.avi,7
videos/video_766.avi,1
videos/video_767.avi,10
videos/video_768.avi,8
videos/video_769.avi,6
videos/video_770.avi,11
videos/video_771.avi,0
videos/video_772.avi,5
videos/video_773.avi,9
videos/video_774.avi,3
videos/video_775.avi,2
videos/video_776.avi,4
videos/video_777.avi,7
videos/video_778.avi,1
videos/video_779.avi,10
videos/video_780.avi,8
videos/video_781.avi,6
videos/video_782.avi,11
videos/video_783.avi,0
videos/video_784.avi,5
videos/video_785.avi,9
videos/video_786.avi,3
videos/video_787.avi,2
videos/video_788.avi,4
videos/video_789.avi,7
videos/video_790.avi,1
videos/video_791.avi,10
videos/video_792.avi,8
videos/video_793.avi,6
videos/video_794.avi,11
videos/video_795.avi,0
videos/video_796.avi,5
videos/video_797.avi,9
videos/video_798.avi,3
videos/video_799.avi,2
videos/video_800.avi,4
videos/video_801.avi,7
videos/video_802.avi,1
videos/video_803.avi,10
videos/video_804.avi,8
videos/video_805.avi,6
videos/video_806.avi,11
videos/video_807.avi,0
videos/video_808.avi,5
videos/video_809.avi,9
videos/video_810.avi,3
videos/video_811.avi,2
videos/video_812.avi,4
videos/video_813.avi,7
videos/video_814.avi,1
videos/video_815.avi,10
videos/video_816.avi,8
videos/video_817.avi,6
videos/video_818.avi,11
videos/video_819.avi,0
videos/video_820.avi,5
videos/video_821.avi,9
videos/video_822.avi,3
videos/video_823.avi,2
videos/video_824.avi,4
videos/video_825.avi,7
videos/video_826.avi,1
videos/video_827.avi,10
videos/video_828.avi,8
videos/video_829.avi,6
videos/video_830.avi,11
videos/video_831.avi,0
videos/video_832.avi,5
videos/video_833.avi,9
videos/video_834.avi,3
videos/video_835.avi,2
videos/video_836.avi,4
videos/video_837.avi,7
videos/video_838.avi,1
videos/video_839.avi,10
videos/video_840.avi,8
videos/video_841.avi,6
videos/video_842.avi,11
videos/video_843.avi,0
videos/video_844.avi,5
videos/video_845.avi,9
videos/video_846.avi,3
videos/video_847.avi,2
videos/video_848.avi,4
videos/video_849.avi,7
videos/video_850.avi,1
videos/video_851.avi,10
videos/video_852.avi,8
videos/video_853.avi,6
videos/video_854.avi,11
videos/video_855.avi,0
videos/video_856.avi,5
videos/video_857.avi,9
videos/video_858.avi,3
videos/video_859.avi,2
videos/video_860.avi,4
videos/video_861.avi,7
videos/video_862.avi,1
videos/video_863.avi,10
videos/video_864.avi,8
videos/video_865.avi,6
videos/video_866.avi,11
videos/video_867.avi,0
videos/video_868.avi,5
videos/video_869.avi,9
videos/video_870.avi,3
videos/video_871.avi,2
videos/video_872.avi,4
videos/video_873.avi,7
videos/video_874.avi,1
videos/video_875.avi,10
videos/video_876.avi,8
videos/video_877.avi,6
videos/video_878.avi,11
videos/video_879.avi,0
videos/video_880.avi,5
videos/video_881.avi,9
videos/video_882.avi,3
videos/video_883.avi,2
videos/video_884.avi,4
videos/video_885.avi,7
videos/video_886.avi,1
videos/video_887.avi,10
videos/video_888.avi,8
videos/video_889.avi,6
videos/video_890.avi,11
videos/video_891.avi,0
videos/video_892.avi,5
videos/video_893.avi,9
videos/video_894.avi,3
videos/video_895.avi,2
videos/video_896.avi,4
videos/video_897.avi,7
videos/video_898.avi,1
videos/video_899.avi,10
videos/video_900.avi,8
videos/video_901.avi,6
videos/video_902.avi,11
videos/video_903.avi,0
videos/video_904.avi,5
videos/video_905.avi,9
videos/video_906.avi,3
videos/video_907.avi,2
videos/video_1016.avi,4
videos/video_1017.avi,7
videos/video_1018.avi,1
videos/video_1019.avi,10
videos/video_1020.avi,8
videos/video_1021.avi,6
videos/video_1022.avi,11
videos/video_1023.avi,0
videos/video_1024.avi,5
videos/video_1025.avi,9
videos/video_1026.avi,3
videos/video_1027.avi,2
videos/video_1028.avi,4
videos/video_1029.avi,7
videos/video_1030.avi,1
videos/video_1031.avi,10
videos/video_1032.avi,8
videos/video_1033.avi,6
videos/video_1034.avi,11
videos/video_1035.avi,0
videos/video_1036.avi,5
videos/video_1037.avi,9
videos/video_1038.avi,3
videos/video_1039.avi,2
videos/video_1040.avi,4
videos/video_1041.avi,7
videos/video_1042.avi,1
videos/video_1043.avi,10
videos/video_1044.avi,8
videos/video_1045.avi,6
videos/video_1046.avi,11
videos/video_1047.avi,0
videos/video_1048.avi,5
videos/video_1049.avi,9
videos/video_1050.avi,3
videos/video_1051.avi,2
videos/video_1052.avi,4
videos/video_1053.avi,7
videos/video_1054.avi,1
videos/video_1055.avi,10
videos/video_1056.avi,8
videos/video_1057.avi,6
videos/video_1058.avi,11
videos/video_1059.avi,0
videos/video_1060.avi,5
videos/video_1061.avi,9
videos/video_1062.avi,3
videos/video_1063.avi,2
videos/video_1064.avi,4
videos/video_1065.avi,7
videos/video_1066.avi,1
videos/video_1067.avi,10
videos/video_1068.avi,8
videos/video_1069.avi,6
videos/video_1070.avi,11
videos/video_1071.avi,0
videos/video_1072.avi,5
videos/video_1073.avi,9
videos/video_1074.avi,3
videos/video_1075.avi,2
videos/video_1076.avi,4
videos/video_1077.avi,7
videos/video_1078.avi,1
videos/video_1079.avi,10
videos/video_1080.avi,8
videos/video_1081.avi,6
videos/video_1082.avi,11
videos/video_1083.avi,0
videos/video_1084.avi,5
videos/video_1085.avi,9
videos/video_1086.avi,3
videos/video_1087.avi,2
videos/video_1088.avi,4
videos/video_1089.avi,7
videos/video_1090.avi,1
videos/video_1091.avi,10
videos/video_1092.avi,8
videos/video_1093.avi,6
videos/video_1094.avi,11
videos/video_1095.avi,0
videos/video_1096.avi,5
videos/video_1097.avi,9
videos/video_1098.avi,3
videos/video_1099.avi,2
videos/video_1100.avi,4
videos/video_1101.avi,7
videos/video_1102.avi,1
videos/video_1103.avi,10
videos/video_1104.avi,8
videos/video_1105.avi,6
videos/video_1106.avi,11
videos/video_1107.avi,0
videos/video_1108.avi,5
videos/video_1109.avi,9
videos/video_1110.avi,3
videos/video_1111.avi,2
videos/video_1112.avi,4
videos/video_1113.avi,7
videos/video_1114.avi,1
videos/video_1115.avi,10
videos/video_1116.avi,8
videos/video_1117.avi,6
videos/video_1118.avi,11
videos/video_1119.avi,0
videos/video_1120.avi,5
videos/video_1121.avi,9
videos/video_1122.avi,3
videos/video_1123.avi,2
videos/video_1124.avi,4
videos/video_1125.avi,7
videos/video_1126.avi,1
videos/video_1127.avi,10
videos/video_1128.avi,8
videos/video_1129.avi,6
videos/video_1130.avi,11
videos/video_1131.avi,0
videos/video_1132.avi,5
videos/video_1133.avi,9
videos/video_1134.avi,3
videos/video_1135.avi,2
videos/video_1136.avi,4
videos/video_1137.avi,7
videos/video_1138.avi,1
videos/video_1139.avi,10
videos/video_1140.avi,8
videos/video_1141.avi,6
videos/video_1142.avi,11
videos/video_1143.avi,0
videos/video_1144.avi,5
videos/video_1145.avi,9
videos/video_1146.avi,3
videos/video_1147.avi,2
videos/video_1148.avi,4
videos/video_1149.avi,7
videos/video_1150.avi,1
videos/video_1151.avi,10
videos/video_1152.avi,8
videos/video_1153.avi,6
videos/video_1154.avi,11
videos/video_1155.avi,0
videos/video_1156.avi,5
videos/video_1157.avi,9
videos/video_1158.avi,3
videos/video_1159.avi,2
videos/video_1160.avi,4
videos/video_1161.avi,7
videos/video_1162.avi,1
videos/video_1163.avi,10
videos/video_1164.avi,8
videos/video_1165.avi,6
videos/video_1166.avi,11
videos/video_1167.avi,0
videos/video_1168.avi,5
videos/video_1169.avi,9
videos/video_1170.avi,3
videos/video_1171.avi,2
videos/video_1292.avi,4
videos/video_1293.avi,1
videos/video_1294.avi,10
videos/video_1295.avi,8
videos/video_1296.avi,6
videos/video_1297.avi,11
videos/video_1298.avi,5
videos/video_1299.avi,9
videos/video_1300.avi,3
videos/video_1301.avi,2
videos/video_1302.avi,4
videos/video_1303.avi,7
videos/video_1304.avi,1
videos/video_1305.avi,10
videos/video_1306.avi,8
videos/video_1307.avi,6
videos/video_1308.avi,11
videos/video_1309.avi,0
videos/video_1310.avi,5
videos/video_1311.avi,9
videos/video_1312.avi,3
videos/video_1313.avi,2
videos/video_1314.avi,4
videos/video_1315.avi,7
videos/video_1316.avi,1
videos/video_1317.avi,8
videos/video_1318.avi,11
videos/video_1319.avi,0
videos/video_1320.avi,5
videos/video_1321.avi,9
videos/video_1322.avi,3
videos/video_1323.avi,2
videos/video_1324.avi,4
videos/video_1325.avi,7
videos/video_1326.avi,1
videos/video_1327.avi,10
videos/video_1328.avi,8
videos/video_1329.avi,6
videos/video_1330.avi,11
videos/video_1331.avi,0
videos/video_1332.avi,5
videos/video_1333.avi,9
videos/video_1334.avi,3
videos/video_1335.avi,2
videos/video_1336.avi,7
videos/video_1337.avi,1
videos/video_1338.avi,10
videos/video_1339.avi,8
videos/video_1340.avi,6
videos/video_1341.avi,11
videos/video_1342.avi,0
videos/video_1343.avi,5
videos/video_1344.avi,9
videos/video_1345.avi,3
videos/video_1346.avi,2
videos/video_1347.avi,4
videos/video_1348.avi,7
videos/video_1349.avi,1
videos/video_1350.avi,10
videos/video_1351.avi,8
videos/video_1352.avi,6
videos/video_1353.avi,11
videos/video_1354.avi,0
videos/video_1355.avi,5
videos/video_1356.avi,3
videos/video_1357.avi,2
videos/video_1358.avi,4
videos/video_1359.avi,7
videos/video_1360.avi,1
videos/video_1361.avi,10
videos/video_1362.avi,8
videos/video_1363.avi,6
videos/video_1364.avi,11
videos/video_1365.avi,0
videos/video_1366.avi,5
videos/video_1367.avi,9
videos/video_1368.avi,3
videos/video_1369.avi,2
videos/video_1370.avi,4
videos/video_1371.avi,7
videos/video_1372.avi,1
videos/video_1373.avi,10
videos/video_1374.avi,8
videos/video_1375.avi,6
videos/video_1376.avi,11
videos/video_1377.avi,0
videos/video_1378.avi,5
videos/video_1379.avi,9
videos/video_1380.avi,3
videos/video_1381.avi,2
videos/video_1382.avi,4
videos/video_1383.avi,1
videos/video_1384.avi,6
videos/video_1385.avi,0
videos/video_1386.avi,5
videos/video_1387.avi,3
videos/video_1388.avi,2
videos/video_1389.avi,4
videos/video_1390.avi,1
videos/video_1391.avi,8
videos/video_1392.avi,6
videos/video_1393.avi,11
videos/video_1394.avi,0
videos/video_1395.avi,5
videos/video_1396.avi,9
videos/video_1397.avi,3
videos/video_1398.avi,2
videos/video_1519.avi,4
videos/video_1520.avi,7
videos/video_1521.avi,1
videos/video_1522.avi,10
videos/video_1523.avi,8
videos/video_1524.avi,6
videos/video_1525.avi,11
videos/video_1526.avi,0
videos/video_1527.avi,5
videos/video_1528.avi,9
videos/video_1529.avi,3
videos/video_1530.avi,2
videos/video_1531.avi,4
videos/video_1532.avi,7
videos/video_1533.avi,1
videos/video_1534.avi,10
videos/video_1535.avi,8
videos/video_1536.avi,6
videos/video_1537.avi,11
videos/video_1538.avi,0
videos/video_1539.avi,5
videos/video_1540.avi,9
videos/video_1541.avi,3
videos/video_1542.avi,2
videos/video_1543.avi,4
videos/video_1544.avi,7
videos/video_1545.avi,1
videos/video_1546.avi,10
videos/video_1547.avi,8
videos/video_1548.avi,6
videos/video_1549.avi,11
videos/video_1550.avi,0
videos/video_1551.avi,5
videos/video_1552.avi,9
videos/video_1553.avi,3
videos/video_1554.avi,2
videos/video_1555.avi,4
videos/video_1556.avi,7
videos/video_1557.avi,1
videos/video_1558.avi,10
videos/video_1559.avi,8
videos/video_1560.avi,6
videos/video_1561.avi,11
videos/video_1562.avi,0
videos/video_1563.avi,5
videos/video_1564.avi,9
videos/video_1565.avi,3
videos/video_1566.avi,2
videos/video_1567.avi,4
videos/video_1568.avi,7
videos/video_1569.avi,1
videos/video_1570.avi,10
videos/video_1571.avi,8
videos/video_1572.avi,6
videos/video_1573.avi,11
videos/video_1574.avi,0
videos/video_1575.avi,5
videos/video_1576.avi,9
videos/video_1577.avi,3
videos/video_1578.avi,2
videos/video_1579.avi,4
videos/video_1580.avi,7
videos/video_1581.avi,1
videos/video_1582.avi,10
videos/video_1583.avi,8
videos/video_1584.avi,6
videos/video_1585.avi,11
videos/video_1586.avi,0
videos/video_1587.avi,5
videos/video_1588.avi,9
videos/video_1589.avi,3
videos/video_1590.avi,2
videos/video_1591.avi,4
videos/video_1592.avi,7
videos/video_1593.avi,1
videos/video_1594.avi,10
videos/video_1595.avi,8
videos/video_1596.avi,6
videos/video_1597.avi,11
videos/video_1598.avi,0
videos/video_1599.avi,5
videos/video_1600.avi,9
videos/video_1601.avi,3
videos/video_1602.avi,2
videos/video_1603.avi,4
videos/video_1604.avi,7
videos/video_1605.avi,1
videos/video_1606.avi,10
videos/video_1607.avi,8
videos/video_1608.avi,6
videos/video_1609.avi,11
videos/video_1610.avi,0
videos/video_1611.avi,5
videos/video_1612.avi,9
videos/video_1613.avi,3
videos/video_1614.avi,2
videos/video_1615.avi,4
videos/video_1616.avi,7
videos/video_1617.avi,1
videos/video_1618.avi,10
videos/video_1619.avi,8
videos/video_1620.avi,6
videos/video_1621.avi,11
videos/video_1622.avi,0
videos/video_1623.avi,5
videos/video_1624.avi,9
videos/video_1625.avi,3
videos/video_1626.avi,2
videos/video_1627.avi,4
videos/video_1628.avi,7
videos/video_1629.avi,1
videos/video_1630.avi,10
videos/video_1631.avi,8
videos/video_1632.avi,6
videos/video_1633.avi,11
videos/video_1634.avi,0
videos/video_1635.avi,5
videos/video_1636.avi,9
videos/video_1637.avi,3
videos/video_1638.avi,2
videos/video_1639.avi,4
videos/video_1640.avi,7
videos/video_1641.avi,1
videos/video_1642.avi,10
videos/video_1643.avi,8
videos/video_1644.avi,6
videos/video_1645.avi,11
videos/video_1646.avi,0
videos/video_1647.avi,5
videos/video_1648.avi,9
videos/video_1649.avi,3
videos/video_1650.avi,2
videos/video_1651.avi,4
videos/video_1652.avi,7
videos/video_1653.avi,1
videos/video_1654.avi,10
videos/video_1655.avi,8
videos/video_1656.avi,6
videos/video_1657.avi,11
videos/video_1658.avi,0
videos/video_1659.avi,5
videos/video_1660.avi,9
videos/video_1661.avi,3
videos/video_1662.avi,2
videos/video_1663.avi,4
videos/video_1664.avi,7
videos/video_1665.avi,1
videos/video_1666.avi,10
videos/video_1667.avi,8
videos/video_1668.avi,6
videos/video_1669.avi,11
videos/video_1670.avi,0
videos/video_1671.avi,5
videos/video_1672.avi,9
videos/video_1673.avi,3
videos/video_1674.avi,2
videos/video_1675.avi,4
videos/video_1676.avi,7
videos/video_1677.avi,1
videos/video_1678.avi,10
videos/video_1679.avi,8
videos/video_1680.avi,6
videos/video_1681.avi,11
videos/video_1682.avi,0
videos/video_1683.avi,5
videos/video_1684.avi,9
videos/video_1685.avi,2
videos/video_1782.avi,4
videos/video_1783.avi,7
videos/video_1784.avi,1
videos/video_1785.avi,10
videos/video_1786.avi,8
videos/video_1787.avi,6
videos/video_1788.avi,11
videos/video_1789.avi,0
videos/video_1790.avi,5
videos/video_1791.avi,9
videos/video_1792.avi,3
videos/video_1793.avi,2
videos/video_1794.avi,4
videos/video_1795.avi,7
videos/video_1796.avi,1
videos/video_1797.avi,10
videos/video_1798.avi,8
videos/video_1799.avi,6
videos/video_1800.avi,11
videos/video_1801.avi,0
videos/video_1802.avi,5
videos/video_1803.avi,9
videos/video_1804.avi,3
videos/video_1805.avi,2
videos/video_1806.avi,4
videos/video_1807.avi,7
videos/video_1808.avi,1
videos/video_1809.avi,10
videos/video_1810.avi,8
videos/video_1811.avi,6
videos/video_1812.avi,11
videos/video_1813.avi,0
videos/video_1814.avi,5
videos/video_1815.avi,9
videos/video_1816.avi,3
videos/video_1817.avi,2
videos/video_1818.avi,4
videos/video_1819.avi,7
videos/video_1820.avi,1
videos/video_1821.avi,10
videos/video_1822.avi,8
videos/video_1823.avi,6
videos/video_1824.avi,11
videos/video_1825.avi,0
videos/video_1826.avi,5
videos/video_1827.avi,9
videos/video_1828.avi,3
videos/video_1829.avi,2
videos/video_1830.avi,4
videos/video_1831.avi,7
videos/video_1832.avi,1
videos/video_1833.avi,10
videos/video_1834.avi,8
videos/video_1835.avi,6
videos/video_1836.avi,11
videos/video_1837.avi,0
videos/video_1838.avi,5
videos/video_1839.avi,9
videos/video_1840.avi,3
videos/video_1841.avi,2
videos/video_1842.avi,4
videos/video_1843.avi,7
videos/video_1844.avi,1
videos/video_1845.avi,10
videos/video_1846.avi,8
videos/video_1847.avi,6
videos/video_1848.avi,11
videos/video_1849.avi,0
videos/video_1850.avi,5
videos/video_1851.avi,9
videos/video_1852.avi,3
videos/video_1853.avi,2
videos/video_1854.avi,4
videos/video_1855.avi,7
videos/video_1856.avi,1
videos/video_1857.avi,10
videos/video_1858.avi,8
videos/video_1859.avi,6
videos/video_1860.avi,11
videos/video_1861.avi,0
videos/video_1862.avi,5
videos/video_1863.avi,9
videos/video_1864.avi,3
videos/video_1865.avi,2
videos/video_1866.avi,4
videos/video_1867.avi,7
videos/video_1868.avi,1
videos/video_1869.avi,10
videos/video_1870.avi,8
videos/video_1871.avi,6
videos/video_1872.avi,11
videos/video_1873.avi,0
videos/video_1874.avi,5
videos/video_1875.avi,9
videos/video_1876.avi,3
videos/video_1877.avi,2
videos/video_1878.avi,4
videos/video_1879.avi,7
videos/video_1880.avi,1
videos/video_1881.avi,10
videos/video_1882.avi,8
videos/video_1883.avi,6
videos/video_1884.avi,11
videos/video_1885.avi,0
videos/video_1886.avi,5
videos/video_1887.avi,9
videos/video_1888.avi,3
videos/video_1889.avi,2
videos/video_1890.avi,4
videos/video_1891.avi,7
videos/video_1892.avi,1
videos/video_1893.avi,10
videos/video_1894.avi,8
videos/video_1895.avi,6
videos/video_1896.avi,11
videos/video_1897.avi,0
videos/video_1898.avi,5
videos/video_1899.avi,9
videos/video_1900.avi,3
videos/video_1901.avi,2
videos/video_1902.avi,4
videos/video_1903.avi,7
videos/video_1904.avi,1
videos/video_1905.avi,10
videos/video_1906.avi,8
videos/video_1907.avi,6
videos/video_1908.avi,11
videos/video_1909.avi,0
videos/video_1910.avi,5
videos/video_1911.avi,9
videos/video_1912.avi,3
videos/video_1913.avi,2
videos/video_1914.avi,4
videos/video_1915.avi,7
videos/video_1916.avi,1
videos/video_1917.avi,10
videos/video_1918.avi,8
videos/video_1919.avi,6
videos/video_1920.avi,11
videos/video_1921.avi,0
videos/video_1922.avi,5
videos/video_1923.avi,9
videos/video_1924.avi,3
videos/video_1925.avi,2
videos/video_1926.avi,4
videos/video_1927.avi,7
videos/video_1928.avi,1
videos/video_1929.avi,10
videos/video_1930.avi,8
videos/video_1931.avi,6
videos/video_1932.avi,11
videos/video_1933.avi,0
videos/video_1934.avi,5
videos/video_1935.avi,9
videos/video_1936.avi,3
videos/video_1937.avi,2
videos/video_1938.avi,4
videos/video_1939.avi,7
videos/video_1940.avi,1
videos/video_1941.avi,10
videos/video_1942.avi,8
videos/video_1943.avi,6
videos/video_1944.avi,11
videos/video_1945.avi,0
videos/video_1946.avi,5
videos/video_1947.avi,9
videos/video_1948.avi,3
videos/video_1949.avi,2
videos/video_1950.avi,4
videos/video_1951.avi,7
videos/video_1952.avi,1
videos/video_1953.avi,10
videos/video_1954.avi,8
videos/video_1955.avi,6
videos/video_1956.avi,11
videos/video_1957.avi,0
videos/video_1958.avi,5
videos/video_1959.avi,9
videos/video_1960.avi,3
videos/video_1961.avi,2
videos/video_1962.avi,4
videos/video_1963.avi,7
videos/video_1964.avi,1
videos/video_1965.avi,10
videos/video_1966.avi,8
videos/video_1967.avi,6
videos/video_1968.avi,11
videos/video_1969.avi,0
videos/video_1970.avi,5
videos/video_1971.avi,9
videos/video_1972.avi,3
videos/video_1973.avi,2
videos/video_1974.avi,4
videos/video_1975.avi,7
videos/video_1976.avi,1
videos/video_1977.avi,10
videos/video_1978.avi,8
videos/video_1979.avi,6
videos/video_1980.avi,11
videos/video_1981.avi,0
videos/video_1982.avi,5
videos/video_1983.avi,9
videos/video_1984.avi,3
videos/video_1985.avi,2
videos/video_1986.avi,4
videos/video_1987.avi,7
videos/video_1988.avi,1
videos/video_1989.avi,10
videos/video_1990.avi,8
videos/video_1991.avi,6
videos/video_1992.avi,11
videos/video_1993.avi,0
videos/video_1994.avi,5
videos/video_1995.avi,9
videos/video_1996.avi,3
videos/video_1997.avi,2
videos/video_1998.avi,4
videos/video_1999.avi,7
videos/video_2000.avi,1
videos/video_2001.avi,10
videos/video_2002.avi,8
videos/video_2003.avi,6
videos/video_2004.avi,11
videos/video_2005.avi,0
videos/video_2006.avi,5
videos/video_2007.avi,9
videos/video_2008.avi,3
videos/video_2009.avi,2
videos/video_2010.avi,4
videos/video_2011.avi,7
videos/video_2012.avi,1
videos/video_2013.avi,10
videos/video_2014.avi,8
videos/video_2015.avi,6
videos/video_2016.avi,11
videos/video_2017.avi,0
videos/video_2018.avi,5
videos/video_2019.avi,9
videos/video_2020.avi,3
videos/video_2021.avi,2
videos/video_2141.avi,4
videos/video_2142.avi,7
videos/video_2143.avi,1
videos/video_2144.avi,10
videos/video_2145.avi,8
videos/video_2146.avi,6
videos/video_2147.avi,11
videos/video_2148.avi,0
videos/video_2149.avi,5
videos/video_2150.avi,9
videos/video_2151.avi,3
videos/video_2152.avi,2
videos/video_2153.avi,4
videos/video_2154.avi,7
videos/video_2155.avi,1
videos/video_2156.avi,10
videos/video_2157.avi,8
videos/video_2158.avi,6
videos/video_2159.avi,11
videos/video_2160.avi,0
videos/video_2161.avi,5
videos/video_2162.avi,9
videos/video_2163.avi,3
videos/video_2164.avi,2
videos/video_2165.avi,4
videos/video_2166.avi,7
videos/video_2167.avi,1
videos/video_2168.avi,10
videos/video_2169.avi,8
videos/video_2170.avi,6
videos/video_2171.avi,11
videos/video_2172.avi,0
videos/video_2173.avi,5
videos/video_2174.avi,9
videos/video_2175.avi,3
videos/video_2176.avi,2
videos/video_2177.avi,4
videos/video_2178.avi,7
videos/video_2179.avi,1
videos/video_2180.avi,10
videos/video_2181.avi,8
videos/video_2182.avi,6
videos/video_2183.avi,11
videos/video_2184.avi,0
videos/video_2185.avi,5
videos/video_2186.avi,9
videos/video_2187.avi,3
videos/video_2188.avi,2
videos/video_2189.avi,4
videos/video_2190.avi,7
videos/video_2191.avi,1
videos/video_2192.avi,10
videos/video_2193.avi,6
videos/video_2194.avi,11
videos/video_2195.avi,0
videos/video_2196.avi,5
videos/video_2197.avi,9
videos/video_2198.avi,3
videos/video_2199.avi,2
videos/video_2200.avi,4
videos/video_2201.avi,7
videos/video_2202.avi,1
videos/video_2203.avi,10
videos/video_2204.avi,8
videos/video_2205.avi,6
videos/video_2206.avi,11
videos/video_2207.avi,0
videos/video_2208.avi,5
videos/video_2209.avi,9
videos/video_2210.avi,3
videos/video_2211.avi,2
videos/video_2212.avi,4
videos/video_2213.avi,7
videos/video_2214.avi,1
videos/video_2215.avi,10
videos/video_2216.avi,8
videos/video_2217.avi,6
videos/video_2218.avi,11
videos/video_2219.avi,0
videos/video_2220.avi,5
videos/video_2221.avi,9
videos/video_2222.avi,3
videos/video_2223.avi,2
videos/video_2224.avi,4
videos/video_2225.avi,7
videos/video_2226.avi,1
videos/video_2227.avi,10
videos/video_2228.avi,8
videos/video_2229.avi,6
videos/video_2230.avi,11
videos/video_2231.avi,0
videos/video_2232.avi,5
videos/video_2233.avi,9
videos/video_2234.avi,3
videos/video_2235.avi,2
videos/video_2236.avi,7
videos/video_2237.avi,1
videos/video_2238.avi,10
videos/video_2239.avi,8
videos/video_2240.avi,6
videos/video_2241.avi,11
videos/video_2242.avi,0
videos/video_2243.avi,5
videos/video_2244.avi,9
videos/video_2245.avi,3
videos/video_2246.avi,2
videos/video_2247.avi,4
videos/video_2248.avi,7
videos/video_2249.avi,1
videos/video_2250.avi,10
videos/video_2251.avi,8
videos/video_2252.avi,6
videos/video_2253.avi,11
videos/video_2254.avi,0
videos/video_2255.avi,5
videos/video_2256.avi,9
videos/video_2257.avi,3
videos/video_2258.avi,2
videos/video_2259.avi,4
videos/video_2260.avi,7
videos/video_2261.avi,1
videos/video_2262.avi,10
videos/video_2263.avi,8
videos/video_2264.avi,6
videos/video_2265.avi,11
videos/video_2266.avi,0
videos/video_2267.avi,5
videos/video_2268.avi,9
videos/video_2269.avi,3
videos/video_2270.avi,2
videos/video_2534.avi,4
videos/video_2535.avi,7
videos/video_2536.avi,1
videos/video_2537.avi,10
videos/video_2538.avi,8
videos/video_2539.avi,6
videos/video_2540.avi,11
videos/video_2541.avi,0
videos/video_2542.avi,5
videos/video_2543.avi,9
videos/video_2544.avi,3
videos/video_2545.avi,2
videos/video_2546.avi,4
videos/video_2547.avi,7
videos/video_2548.avi,1
videos/video_2549.avi,10
videos/video_2550.avi,8
videos/video_2551.avi,6
videos/video_2552.avi,11
videos/video_2553.avi,0
videos/video_2554.avi,5
videos/video_2555.avi,9
videos/video_2556.avi,3
videos/video_2557.avi,2
videos/video_2558.avi,4
videos/video_2559.avi,7
videos/video_2560.avi,1
videos/video_2561.avi,10
videos/video_2562.avi,8
videos/video_2563.avi,6
videos/video_2564.avi,11
videos/video_2565.avi,0
videos/video_2566.avi,5
videos/video_2567.avi,9
videos/video_2568.avi,3
videos/video_2569.avi,2
videos/video_2570.avi,4
videos/video_2571.avi,7
videos/video_2572.avi,1
videos/video_2573.avi,10
videos/video_2574.avi,8
videos/video_2575.avi,6
videos/video_2576.avi,11
videos/video_2577.avi,0
videos/video_2578.avi,5
videos/video_2579.avi,9
videos/video_2580.avi,3
videos/video_2581.avi,2
videos/video_2582.avi,4
videos/video_2583.avi,7
videos/video_2584.avi,1
videos/video_2585.avi,10
videos/video_2586.avi,8
videos/video_2587.avi,6
videos/video_2588.avi,11
videos/video_2589.avi,0
videos/video_2590.avi,5
videos/video_2591.avi,9
videos/video_2592.avi,3
videos/video_2593.avi,2
videos/video_2594.avi,4
videos/video_2595.avi,7
videos/video_2596.avi,1
videos/video_2597.avi,10
videos/video_2598.avi,8
videos/video_2599.avi,6
videos/video_2600.avi,11
videos/video_2601.avi,0
videos/video_2602.avi,5
videos/video_2603.avi,9
videos/video_2604.avi,3
videos/video_2605.avi,2
videos/video_2606.avi,4
videos/video_2607.avi,7
videos/video_2608.avi,1
videos/video_2609.avi,10
videos/video_2610.avi,8
videos/video_2611.avi,6
videos/video_2612.avi,11
videos/video_2613.avi,0
videos/video_2614.avi,5
videos/video_2615.avi,9
videos/video_2616.avi,3
videos/video_2617.avi,2
videos/video_2618.avi,4
videos/video_2619.avi,7
videos/video_2620.avi,1
videos/video_2621.avi,10
videos/video_2622.avi,8
videos/video_2623.avi,6
videos/video_2624.avi,11
videos/video_2625.avi,0
videos/video_2626.avi,5
videos/video_2627.avi,9
videos/video_2628.avi,3
videos/video_2629.avi,2
videos/video_2630.avi,4
videos/video_2631.avi,7
videos/video_2632.avi,1
videos/video_2633.avi,10
videos/video_2634.avi,8
videos/video_2635.avi,6
videos/video_2636.avi,11
videos/video_2637.avi,0
videos/video_2638.avi,5
videos/video_2639.avi,9
videos/video_2640.avi,3
videos/video_2641.avi,2
videos/video_2642.avi,4
videos/video_2643.avi,7
videos/video_2644.avi,1
videos/video_2645.avi,10
videos/video_2646.avi,8
videos/video_2647.avi,6
videos/video_2648.avi,11
videos/video_2649.avi,0
videos/video_2650.avi,5
videos/video_2651.avi,9
videos/video_2652.avi,3
videos/video_2653.avi,2
videos/video_2894.avi,4
videos/video_2895.avi,7
videos/video_2896.avi,1
videos/video_2897.avi,10
videos/video_2898.avi,8
videos/video_2899.avi,6
videos/video_2900.avi,11
videos/video_2901.avi,0
videos/video_2902.avi,5
videos/video_2903.avi,9
videos/video_2904.avi,3
videos/video_2905.avi,2
videos/video_2906.avi,4
videos/video_2907.avi,7
videos/video_2908.avi,1
videos/video_2909.avi,10
videos/video_2910.avi,8
videos/video_2911.avi,6
videos/video_2912.avi,11
videos/video_2913.avi,0
videos/video_2914.avi,5
videos/video_2915.avi,9
videos/video_2916.avi,3
videos/video_2917.avi,2
videos/video_2918.avi,4
videos/video_2919.avi,7
videos/video_2920.avi,1
videos/video_2921.avi,10
videos/video_2922.avi,8
videos/video_2923.avi,6
videos/video_2924.avi,11
videos/video_2925.avi,0
videos/video_2926.avi,5
videos/video_2927.avi,9
videos/video_2928.avi,3
videos/video_2929.avi,2
videos/video_2930.avi,4
videos/video_2931.avi,7
videos/video_2932.avi,1
videos/video_2933.avi,10
videos/video_2934.avi,8
videos/video_2935.avi,6
videos/video_2936.avi,11
videos/video_2937.avi,0
videos/video_2938.avi,5
videos/video_2939.avi,9
videos/video_2940.avi,3
videos/video_2941.avi,2
videos/video_2942.avi,4
videos/video_2943.avi,7
videos/video_2944.avi,1
videos/video_2945.avi,10
videos/video_2946.avi,8
videos/video_2947.avi,6
videos/video_2948.avi,11
videos/video_2949.avi,0
videos/video_2950.avi,5
videos/video_2951.avi,9
videos/video_2952.avi,3
videos/video_2953.avi,2
videos/video_2954.avi,4
videos/video_2955.avi,7
videos/video_2956.avi,1
videos/video_2957.avi,10
videos/video_2958.avi,8
videos/video_2959.avi,6
videos/video_2960.avi,11
videos/video_2961.avi,0
videos/video_2962.avi,5
videos/video_2963.avi,9
videos/video_2964.avi,3
videos/video_2965.avi,2
videos/video_2966.avi,4
videos/video_2967.avi,7
videos/video_2968.avi,1
videos/video_2969.avi,10
videos/video_2970.avi,8
videos/video_2971.avi,6
videos/video_2972.avi,11
videos/video_2973.avi,0
videos/video_2974.avi,5
videos/video_2975.avi,9
videos/video_2976.avi,3
videos/video_2977.avi,2
videos/video_2978.avi,4
videos/video_2979.avi,7
videos/video_2980.avi,1
videos/video_2981.avi,10
videos/video_2982.avi,8
videos/video_2983.avi,6
videos/video_2984.avi,11
videos/video_2985.avi,0
videos/video_2986.avi,5
videos/video_2987.avi,9
videos/video_2988.avi,3
videos/video_2989.avi,2
videos/video_2990.avi,4
videos/video_2991.avi,7
videos/video_2992.avi,1
videos/video_2993.avi,10
videos/video_2994.avi,8
videos/video_2995.avi,6
videos/video_2996.avi,11
videos/video_2997.avi,0
videos/video_2998.avi,5
videos/video_2999.avi,9
videos/video_3000.avi,3
videos/video_3001.avi,2
videos/video_3002.avi,4
videos/video_3003.avi,7
videos/video_3004.avi,1
videos/video_3005.avi,10
videos/video_3006.avi,8
videos/video_3007.avi,6
videos/video_3008.avi,11
videos/video_3009.avi,0
videos/video_3010.avi,5
videos/video_3011.avi,9
videos/video_3012.avi,3
videos/video_3013.avi,2
videos/video_3014.avi,4
videos/video_3015.avi,7
videos/video_3016.avi,1
videos/video_3017.avi,10
videos/video_3018.avi,8
videos/video_3019.avi,6
videos/video_3020.avi,11
videos/video_3021.avi,0
videos/video_3022.avi,5
videos/video_3023.avi,9
videos/video_3024.avi,3
videos/video_3025.avi,2
videos/video_3026.avi,4
videos/video_3027.avi,7
videos/video_3028.avi,1
videos/video_3029.avi,10
videos/video_3030.avi,8
videos/video_3031.avi,6
videos/video_3032.avi,11
videos/video_3033.avi,0
videos/video_3034.avi,5
videos/video_3035.avi,9
videos/video_3036.avi,3
videos/video_3037.avi,2
videos/video_3038.avi,4
videos/video_3039.avi,7
videos/video_3040.avi,1
videos/video_3041.avi,10
videos/video_3042.avi,8
videos/video_3043.avi,6
videos/video_3044.avi,11
videos/video_3045.avi,0
videos/video_3046.avi,5
videos/video_3047.avi,9
videos/video_3048.avi,3
videos/video_3049.avi,2
videos/video_3050.avi,7
videos/video_3051.avi,1
videos/video_3052.avi,10
videos/video_3053.avi,8
videos/video_3054.avi,6
videos/video_3055.avi,11
videos/video_3056.avi,0
videos/video_3057.avi,5
videos/video_3058.avi,9
videos/video_3059.avi,3
videos/video_3060.avi,2
videos/video_3061.avi,4
videos/video_3062.avi,7
videos/video_3063.avi,1
videos/video_3064.avi,10
videos/video_3065.avi,8
videos/video_3066.avi,6
videos/video_3067.avi,11
videos/video_3068.avi,0
videos/video_3069.avi,9
videos/video_3070.avi,3
videos/video_3071.avi,2
videos/video_3072.avi,4
videos/video_3073.avi,7
videos/video_3074.avi,1
videos/video_3075.avi,10
videos/video_3076.avi,8
videos/video_3077.avi,6
videos/video_3078.avi,11
videos/video_3079.avi,0
videos/video_3080.avi,5
videos/video_3081.avi,9
videos/video_3082.avi,3
videos/video_3083.avi,2
videos/video_3084.avi,4
videos/video_3085.avi,7
videos/video_3086.avi,1
videos/video_3087.avi,10
videos/video_3088.avi,8
videos/video_3089.avi,6
videos/video_3090.avi,11
videos/video_3091.avi,0
videos/video_3092.avi,5
videos/video_3093.avi,9
videos/video_3094.avi,3
videos/video_3095.avi,2
videos/video_3096.avi,4
videos/video_3097.avi,7
videos/video_3098.avi,1
videos/video_3099.avi,10
videos/video_3100.avi,8
videos/video_3101.avi,6
videos/video_3102.avi,11
videos/video_3103.avi,0
videos/video_3104.avi,5
videos/video_3105.avi,9
videos/video_3106.avi,3
videos/video_3107.avi,2
videos/video_3108.avi,4
videos/video_3109.avi,7
videos/video_3110.avi,1
videos/video_3111.avi,10
videos/video_3112.avi,8
videos/video_3113.avi,6
videos/video_3114.avi,11
videos/video_3115.avi,0
videos/video_3116.avi,5
videos/video_3117.avi,9
videos/video_3118.avi,3
videos/video_3119.avi,2
videos/video_3120.avi,4
videos/video_3121.avi,7
videos/video_3122.avi,1
videos/video_3123.avi,10
videos/video_3124.avi,8
videos/video_3125.avi,6
videos/video_3126.avi,11
videos/video_3127.avi,0
videos/video_3128.avi,5
videos/video_3129.avi,9
videos/video_3130.avi,3
videos/video_3131.avi,2
videos/video_3132.avi,4
videos/video_3133.avi,7
videos/video_3134.avi,1
videos/video_3135.avi,10
videos/video_3136.avi,8
videos/video_3137.avi,6
videos/video_3138.avi,11
videos/video_3139.avi,0
videos/video_3140.avi,5
videos/video_3141.avi,9
videos/video_3142.avi,3
videos/video_3143.avi,2
videos/video_3144.avi,4
videos/video_3145.avi,7
videos/video_3146.avi,1
videos/video_3147.avi,10
videos/video_3148.avi,8
videos/video_3149.avi,6
videos/video_3150.avi,11
videos/video_3151.avi,0
videos/video_3152.avi,5
videos/video_3153.avi,9
videos/video_3154.avi,3
videos/video_3155.avi,2
videos/video_3156.avi,4
videos/video_3157.avi,7
videos/video_3158.avi,1
videos/video_3159.avi,10
videos/video_3160.avi,8
videos/video_3161.avi,6
videos/video_3162.avi,11
videos/video_3163.avi,0
videos/video_3164.avi,5
videos/video_3165.avi,9
videos/video_3166.avi,3
videos/video_3167.avi,2
videos/video_3168.avi,4
videos/video_3169.avi,7
videos/video_3170.avi,1
videos/video_3171.avi,10
videos/video_3172.avi,8
videos/video_3173.avi,6
videos/video_3174.avi,11
videos/video_3175.avi,0
videos/video_3176.avi,5
videos/video_3177.avi,9
videos/video_3178.avi,3
videos/video_3179.avi,2
videos/video_3180.avi,4
videos/video_3181.avi,7
videos/video_3182.avi,1
videos/video_3183.avi,10
videos/video_3184.avi,8
videos/video_3185.avi,6
videos/video_3186.avi,11
videos/video_3187.avi,0
videos/video_3188.avi,5
videos/video_3189.avi,9
videos/video_3190.avi,3
videos/video_3191.avi,2
videos/video_3192.avi,4
videos/video_3193.avi,7
videos/video_3194.avi,1
videos/video_3195.avi,10
videos/video_3196.avi,8
videos/video_3197.avi,6
videos/video_3198.avi,11
videos/video_3199.avi,0
videos/video_3200.avi,5
videos/video_3201.avi,9
videos/video_3202.avi,3
videos/video_3203.avi,2
videos/video_3204.avi,4
videos/video_3205.avi,7
videos/video_3206.avi,1
videos/video_3207.avi,10
videos/video_3208.avi,8
videos/video_3209.avi,6
videos/video_3210.avi,11
videos/video_3211.avi,0
videos/video_3212.avi,5
videos/video_3213.avi,9
videos/video_3214.avi,3
videos/video_3215.avi,2
videos/video_3216.avi,4
videos/video_3217.avi,7
videos/video_3218.avi,1
videos/video_3219.avi,10
videos/video_3220.avi,8
videos/video_3221.avi,6
videos/video_3222.avi,11
videos/video_3223.avi,0
videos/video_3224.avi,5
videos/video_3225.avi,9
videos/video_3226.avi,3
videos/video_3227.avi,2
videos/video_3228.avi,4
videos/video_3229.avi,7
videos/video_3230.avi,1
videos/video_3231.avi,10
videos/video_3232.avi,8
videos/video_3233.avi,6
videos/video_3234.avi,11
videos/video_3235.avi,0
videos/video_3236.avi,5
videos/video_3237.avi,9
videos/video_3238.avi,3
videos/video_3239.avi,2
videos/video_3240.avi,4
videos/video_3241.avi,7
videos/video_3242.avi,1
videos/video_3243.avi,10
videos/video_3244.avi,8
videos/video_3245.avi,6
videos/video_3246.avi,11
videos/video_3247.avi,0
videos/video_3248.avi,5
videos/video_3249.avi,9
videos/video_3250.avi,3
videos/video_3251.avi,2
videos/video_3252.avi,4
videos/video_3253.avi,7
videos/video_3254.avi,1
videos/video_3255.avi,10
videos/video_3256.avi,8
videos/video_3257.avi,6
videos/video_3258.avi,11
videos/video_3259.avi,0
videos/video_3260.avi,5
videos/video_3261.avi,9
videos/video_3262.avi,3
videos/video_3263.avi,2
videos/video_3264.avi,4
videos/video_3265.avi,7
videos/video_3266.avi,1
videos/video_3267.avi,10
videos/video_3268.avi,8
videos/video_3269.avi,6
videos/video_3270.avi,11
videos/video_3271.avi,0
videos/video_3272.avi,5
videos/video_3273.avi,9
videos/video_3274.avi,3
videos/video_3275.avi,2
videos/video_3276.avi,4
videos/video_3277.avi,7
videos/video_3278.avi,1
videos/video_3279.avi,10
videos/video_3280.avi,8
videos/video_3281.avi,6
videos/video_3282.avi,11
videos/video_3283.avi,0
videos/video_3284.avi,5
videos/video_3285.avi,9
videos/video_3286.avi,3
videos/video_3287.avi,2
videos/video_3288.avi,4
videos/video_3289.avi,1
videos/video_3290.avi,10
videos/video_3291.avi,8
videos/video_3292.avi,6
videos/video_3293.avi,11
videos/video_3294.avi,0
videos/video_3295.avi,5
videos/video_3296.avi,9
videos/video_3297.avi,3
videos/video_3298.avi,2
videos/video_3299.avi,4
videos/video_3300.avi,7
videos/video_3301.avi,1
videos/video_3302.avi,10
videos/video_3303.avi,8
videos/video_3304.avi,6
videos/video_3305.avi,11
videos/video_3306.avi,0
videos/video_3307.avi,5
videos/video_3308.avi,9
videos/video_3309.avi,3
videos/video_3310.avi,2
videos/video_3311.avi,4
videos/video_3312.avi,7
videos/video_3313.avi,1
videos/video_3314.avi,10
videos/video_3315.avi,8
videos/video_3316.avi,6
videos/video_3317.avi,11
videos/video_3318.avi,0
videos/video_3319.avi,5
videos/video_3320.avi,9
videos/video_3321.avi,3
videos/video_3322.avi,2
videos/video_3323.avi,4
videos/video_3324.avi,7
videos/video_3325.avi,1
videos/video_3326.avi,10
videos/video_3327.avi,8
videos/video_3328.avi,6
videos/video_3329.avi,11
videos/video_3330.avi,0
videos/video_3331.avi,5
videos/video_3332.avi,9
videos/video_3333.avi,3
videos/video_3334.avi,2
videos/video_3335.avi,4
videos/video_3336.avi,7
videos/video_3337.avi,1
videos/video_3338.avi,10
videos/video_3339.avi,8
videos/video_3340.avi,6
videos/video_3341.avi,11
videos/video_3342.avi,0
videos/video_3343.avi,9
videos/video_3344.avi,3
videos/video_3345.avi,2
videos/video_3346.avi,4
videos/video_3347.avi,7
videos/video_3348.avi,1
videos/video_3349.avi,10
videos/video_3350.avi,8
videos/video_3351.avi,6
videos/video_3352.avi,11
videos/video_3353.avi,0
videos/video_3354.avi,5
videos/video_3355.avi,9
videos/video_3356.avi,3
videos/video_3357.avi,2
videos/video_3358.avi,4
videos/video_3359.avi,1
videos/video_3360.avi,3
videos/video_3361.avi,2
videos/video_3362.avi,4
videos/video_3363.avi,7
videos/video_3364.avi,1
videos/video_3365.avi,6
videos/video_3366.avi,0
videos/video_3367.avi,5
videos/video_3368.avi,3
videos/video_3369.avi,2
videos/video_3370.avi,4
videos/video_3371.avi,7
videos/video_3372.avi,1
videos/video_3373.avi,10
videos/video_3374.avi,8
videos/video_3375.avi,6
videos/video_3376.avi,11
videos/video_3377.avi,0
videos/video_3378.avi,5
videos/video_3379.avi,9
videos/video_3380.avi,3
videos/video_3381.avi,2
videos/video_3382.avi,4
videos/video_3383.avi,7
videos/video_3384.avi,1
videos/video_3385.avi,10
videos/video_3386.avi,8
videos/video_3387.avi,6
videos/video_3388.avi,11
videos/video_3389.avi,0
videos/video_3390.avi,5
videos/video_3391.avi,9
videos/video_3392.avi,3
videos/video_3393.avi,2
videos/video_3394.avi,4
videos/video_3395.avi,7
videos/video_3396.avi,1
videos/video_3397.avi,10
videos/video_3398.avi,8
videos/video_3399.avi,6
videos/video_3400.avi,11
videos/video_3401.avi,0
videos/video_3402.avi,5
videos/video_3403.avi,9
videos/video_3404.avi,3
videos/video_3405.avi,2
videos/video_3406.avi,4
videos/video_3407.avi,7
videos/video_3408.avi,10
videos/video_3409.avi,8
videos/video_3410.avi,6
videos/video_3411.avi,11
videos/video_3412.avi,5
videos/video_3413.avi,9
videos/video_3414.avi,1
videos/video_3415.avi,0
videos/video_3416.avi,2
videos/video_3417.avi,4
videos/video_3418.avi,7
videos/video_3419.avi,1
videos/video_3420.avi,10
videos/video_3421.avi,8
videos/video_3422.avi,6
videos/video_3423.avi,11
videos/video_3424.avi,0
videos/video_3425.avi,5
videos/video_3426.avi,9
videos/video_3427.avi,3
videos/video_3428.avi,2
videos/video_3429.avi,4
videos/video_3430.avi,7
videos/video_3431.avi,1
videos/video_3432.avi,10
videos/video_3433.avi,8
videos/video_3434.avi,6
videos/video_3435.avi,11
videos/video_3436.avi,0
videos/video_3437.avi,5
videos/video_3438.avi,9
videos/video_3439.avi,3
videos/video_3440.avi,2
videos/video_3441.avi,4
videos/video_3442.avi,7
videos/video_3443.avi,1
videos/video_3444.avi,10
videos/video_3445.avi,8
videos/video_3446.avi,6
videos/video_3447.avi,11
videos/video_3448.avi,0
videos/video_3449.avi,5
videos/video_3450.avi,9
videos/video_3451.avi,3
videos/video_3452.avi,2
videos/video_3453.avi,4
videos/video_3454.avi,7
videos/video_3455.avi,1
videos/video_3456.avi,10
videos/video_3457.avi,8
videos/video_3458.avi,6
videos/video_3459.avi,11
videos/video_3460.avi,0
videos/video_3461.avi,5
videos/video_3462.avi,9
videos/video_3463.avi,3
videos/video_3464.avi,2
videos/video_3465.avi,4
videos/video_3466.avi,7
videos/video_3467.avi,1
videos/video_3468.avi,10
videos/video_3469.avi,8
videos/video_3470.avi,6
videos/video_3471.avi,11
videos/video_3472.avi,0
videos/video_3473.avi,5
videos/video_3474.avi,9
videos/video_3475.avi,3
videos/video_3476.avi,2
videos/video_3477.avi,4
videos/video_3478.avi,7
videos/video_3479.avi,1
videos/video_3480.avi,10
videos/video_3481.avi,8
videos/video_3482.avi,6
videos/video_3483.avi,11
videos/video_3484.avi,0
videos/video_3485.avi,5
videos/video_3486.avi,9
videos/video_3487.avi,3
videos/video_3488.avi,2
videos/video_3489.avi,4
videos/video_3490.avi,7
videos/video_3491.avi,1
videos/video_3492.avi,10
videos/video_3493.avi,8
videos/video_3494.avi,6
videos/video_3495.avi,11
videos/video_3496.avi,0
videos/video_3497.avi,5
videos/video_3498.avi,9
videos/video_3499.avi,3
videos/video_3500.avi,2
videos/video_3501.avi,4
videos/video_3502.avi,7
videos/video_3503.avi,1
videos/video_3504.avi,10
videos/video_3505.avi,8
videos/video_3506.avi,6
videos/video_3507.avi,11
videos/video_3508.avi,0
videos/video_3509.avi,5
videos/video_3510.avi,9
videos/video_3511.avi,3
videos/video_3512.avi,2
videos/video_3513.avi,4
videos/video_3514.avi,7
videos/video_3515.avi,1
videos/video_3516.avi,10
videos/video_3517.avi,8
videos/video_3518.avi,6
videos/video_3519.avi,11
videos/video_3520.avi,0
videos/video_3521.avi,5
videos/video_3522.avi,9
videos/video_3523.avi,3
videos/video_3524.avi,2
videos/video_3525.avi,4
videos/video_3526.avi,7
videos/video_3527.avi,1
videos/video_3528.avi,10
videos/video_3529.avi,8
videos/video_3530.avi,6
videos/video_3531.avi,11
videos/video_3532.avi,0
videos/video_3533.avi,5
videos/video_3534.avi,9
videos/video_3535.avi,3
videos/video_3536.avi,2
videos/video_3537.avi,4
videos/video_3538.avi,7
videos/video_3539.avi,1
videos/video_3540.avi,10
videos/video_3541.avi,8
videos/video_3542.avi,6
videos/video_3543.avi,11
videos/video_3544.avi,0
videos/video_3545.avi,5
videos/video_3546.avi,9
videos/video_3547.avi,3
videos/video_3548.avi,2
videos/video_3549.avi,4
videos/video_3550.avi,7
videos/video_3551.avi,1
videos/video_3552.avi,10
videos/video_3553.avi,8
videos/video_3554.avi,6
videos/video_3555.avi,11
videos/video_3556.avi,0
videos/video_3557.avi,5
videos/video_3558.avi,9
videos/video_3559.avi,3
videos/video_3560.avi,2
videos/video_3561.avi,4
videos/video_3562.avi,7
videos/video_3563.avi,1
videos/video_3564.avi,10
videos/video_3565.avi,8
videos/video_3566.avi,6
videos/video_3567.avi,11
videos/video_3568.avi,0
videos/video_3569.avi,5
videos/video_3570.avi,9
videos/video_3571.avi,3
videos/video_3572.avi,2
videos/video_3573.avi,4
videos/video_3574.avi,7
videos/video_3575.avi,1
videos/video_3576.avi,10
videos/video_3577.avi,8
videos/video_3578.avi,6
videos/video_3579.avi,11
videos/video_3580.avi,0
videos/video_3581.avi,5
videos/video_3582.avi,9
videos/video_3583.avi,3
videos/video_3584.avi,2
videos/video_3585.avi,4
videos/video_3586.avi,7
videos/video_3587.avi,1
videos/video_3588.avi,10
videos/video_3589.avi,8
videos/video_3590.avi,6
videos/video_3591.avi,11
videos/video_3592.avi,0
videos/video_3593.avi,5
videos/video_3594.avi,9
videos/video_3595.avi,3
videos/video_3596.avi,2
videos/video_3597.avi,4
videos/video_3598.avi,7
videos/video_3599.avi,1
videos/video_3600.avi,10
videos/video_3601.avi,8
videos/video_3602.avi,6
videos/video_3603.avi,11
videos/video_3604.avi,0
videos/video_3605.avi,5
videos/video_3606.avi,9
videos/video_3607.avi,3
videos/video_3608.avi,2
videos/video_3609.avi,4
videos/video_3610.avi,7
videos/video_3611.avi,1
videos/video_3612.avi,10
videos/video_3613.avi,8
videos/video_3614.avi,6
videos/video_3615.avi,11
videos/video_3616.avi,0
videos/video_3617.avi,5
videos/video_3618.avi,9
videos/video_3619.avi,3
videos/video_3620.avi,2
videos/video_3621.avi,4
videos/video_3622.avi,7
videos/video_3623.avi,1
videos/video_3624.avi,10
videos/video_3625.avi,8
videos/video_3626.avi,6
videos/video_3627.avi,11
videos/video_3628.avi,0
videos/video_3629.avi,5
videos/video_3630.avi,9
videos/video_3631.avi,3
videos/video_3632.avi,2
videos/video_3633.avi,4
videos/video_3634.avi,7
videos/video_3635.avi,1
videos/video_3636.avi,10
videos/video_3637.avi,8
videos/video_3638.avi,6
videos/video_3639.avi,11
videos/video_3640.avi,0
videos/video_3641.avi,5
videos/video_3642.avi,9
videos/video_3643.avi,3
videos/video_3644.avi,2
videos/video_3645.avi,4
videos/video_3646.avi,7
videos/video_3647.avi,1
videos/video_3648.avi,10
videos/video_3649.avi,8
videos/video_3650.avi,6
videos/video_3651.avi,11
videos/video_3652.avi,0
videos/video_3653.avi,5
videos/video_3654.avi,9
videos/video_3655.avi,3
videos/video_3656.avi,2
videos/video_3657.avi,4
videos/video_3658.avi,7
videos/video_3659.avi,1
videos/video_3660.avi,10
videos/video_3661.avi,8
videos/video_3662.avi,6
videos/video_3663.avi,11
videos/video_3664.avi,0
videos/video_3665.avi,5
videos/video_3666.avi,9
videos/video_3667.avi,3
videos/video_3668.avi,2
videos/video_3669.avi,4
videos/video_3670.avi,7
videos/video_3671.avi,1
videos/video_3672.avi,10
videos/video_3673.avi,8
videos/video_3674.avi,6
videos/video_3675.avi,11
videos/video_3676.avi,0
videos/video_3677.avi,5
videos/video_3678.avi,9
videos/video_3679.avi,3
videos/video_3680.avi,2
videos/video_3788.avi,4
videos/video_3789.avi,7
videos/video_3790.avi,1
videos/video_3791.avi,10
videos/video_3792.avi,8
videos/video_3793.avi,6
videos/video_3794.avi,11
videos/video_3795.avi,0
videos/video_3796.avi,5
videos/video_3797.avi,9
videos/video_3798.avi,3
videos/video_3799.avi,2
videos/video_3800.avi,4
videos/video_3801.avi,7
videos/video_3802.avi,1
videos/video_3803.avi,10
videos/video_3804.avi,8
videos/video_3805.avi,6
videos/video_3806.avi,11
videos/video_3807.avi,0
videos/video_3808.avi,5
videos/video_3809.avi,9
videos/video_3810.avi,3
videos/video_3811.avi,2
videos/video_3812.avi,4
videos/video_3813.avi,7
videos/video_3814.avi,1
videos/video_3815.avi,10
videos/video_3816.avi,8
videos/video_3817.avi,6
videos/video_3818.avi,11
videos/video_3819.avi,0
videos/video_3820.avi,5
videos/video_3821.avi,9
videos/video_3822.avi,3
videos/video_3823.avi,2
videos/video_3824.avi,4
videos/video_3825.avi,7
videos/video_3826.avi,1
videos/video_3827.avi,10
videos/video_3828.avi,8
videos/video_3829.avi,6
videos/video_3830.avi,11
videos/video_3831.avi,0
videos/video_3832.avi,5
videos/video_3833.avi,9
videos/video_3834.avi,3
videos/video_3835.avi,2
videos/video_3836.avi,4
videos/video_3837.avi,7
videos/video_3838.avi,1
videos/video_3839.avi,10
videos/video_3840.avi,8
videos/video_3841.avi,6
videos/video_3842.avi,11
videos/video_3843.avi,0
videos/video_3844.avi,5
videos/video_3845.avi,9
videos/video_3846.avi,3
videos/video_3847.avi,2
videos/video_3848.avi,4
videos/video_3849.avi,7
videos/video_3850.avi,1
videos/video_3851.avi,10
videos/video_3852.avi,8
videos/video_3853.avi,6
videos/video_3854.avi,11
videos/video_3855.avi,0
videos/video_3856.avi,5
videos/video_3857.avi,9
videos/video_3858.avi,3
videos/video_3859.avi,2
videos/video_3860.avi,4
videos/video_3861.avi,7
videos/video_3862.avi,1
videos/video_3863.avi,10
videos/video_3864.avi,8
videos/video_3865.avi,6
videos/video_3866.avi,11
videos/video_3867.avi,0
videos/video_3868.avi,5
videos/video_3869.avi,9
videos/video_3870.avi,3
videos/video_3871.avi,2
videos/video_3872.avi,4
videos/video_3873.avi,7
videos/video_3874.avi,1
videos/video_3875.avi,10
videos/video_3876.avi,8
videos/video_3877.avi,6
videos/video_3878.avi,11
videos/video_3879.avi,0
videos/video_3880.avi,5
videos/video_3881.avi,9
videos/video_3882.avi,3
videos/video_3883.avi,2
videos/video_3884.avi,4
videos/video_3885.avi,7
videos/video_3886.avi,1
videos/video_3887.avi,10
videos/video_3888.avi,8
videos/video_3889.avi,6
videos/video_3890.avi,11
videos/video_3891.avi,0
videos/video_3892.avi,5
videos/video_3893.avi,9
videos/video_3894.avi,3
videos/video_3895.avi,2
videos/video_3896.avi,4
videos/video_3897.avi,7
videos/video_3898.avi,1
videos/video_3899.avi,10
videos/video_3900.avi,8
videos/video_3901.avi,6
videos/video_3902.avi,11
videos/video_3903.avi,0
videos/video_3904.avi,5
videos/video_3905.avi,9
videos/video_3906.avi,3
videos/video_3907.avi,2
videos/video_3908.avi,4
videos/video_3909.avi,7
videos/video_3910.avi,1
videos/video_3911.avi,10
videos/video_3912.avi,8
videos/video_3913.avi,6
videos/video_3914.avi,11
videos/video_3915.avi,0
videos/video_3916.avi,5
videos/video_3917.avi,9
videos/video_3918.avi,3
videos/video_3919.avi,2
videos/video_3920.avi,4
videos/video_3921.avi,7
videos/video_3922.avi,1
videos/video_3923.avi,10
videos/video_3924.avi,8
videos/video_3925.avi,6
videos/video_3926.avi,11
videos/video_3927.avi,0
videos/video_3928.avi,5
videos/video_3929.avi,9
videos/video_3930.avi,3
videos/video_3931.avi,2
videos/video_3932.avi,4
videos/video_3933.avi,7
videos/video_3934.avi,1
videos/video_3935.avi,10
videos/video_3936.avi,8
videos/video_3937.avi,6
videos/video_3938.avi,11
videos/video_3939.avi,0
videos/video_3940.avi,5
videos/video_3941.avi,9
videos/video_3942.avi,3
videos/video_3943.avi,2
videos/video_3944.avi,4
videos/video_3945.avi,7
videos/video_3946.avi,1
videos/video_3947.avi,10
videos/video_3948.avi,8
videos/video_3949.avi,6
videos/video_3950.avi,11
videos/video_3951.avi,0
videos/video_3952.avi,5
videos/video_3953.avi,9
videos/video_3954.avi,3
videos/video_3955.avi,2
videos/video_3956.avi,4
videos/video_3957.avi,7
videos/video_3958.avi,1
videos/video_3959.avi,10
videos/video_3960.avi,8
videos/video_3961.avi,6
videos/video_3962.avi,11
videos/video_3963.avi,0
videos/video_3964.avi,5
videos/video_3965.avi,9
videos/video_3966.avi,3
videos/video_3967.avi,2
videos/video_3968.avi,4
videos/video_3969.avi,7
videos/video_3970.avi,1
videos/video_3971.avi,10
videos/video_3972.avi,8
videos/video_3973.avi,6
videos/video_3974.avi,11
videos/video_3975.avi,0
videos/video_3976.avi,5
videos/video_3977.avi,9
videos/video_3978.avi,3
videos/video_3979.avi,2
videos/video_3980.avi,4
videos/video_3981.avi,7
videos/video_3982.avi,1
videos/video_3983.avi,10
videos/video_3984.avi,8
videos/video_3985.avi,6
videos/video_3986.avi,11
videos/video_3987.avi,0
videos/video_3988.avi,5
videos/video_3989.avi,9
videos/video_3990.avi,3
videos/video_3991.avi,2
videos/video_3992.avi,4
videos/video_3993.avi,7
videos/video_3994.avi,1
videos/video_3995.avi,10
videos/video_3996.avi,8
videos/video_3997.avi,6
videos/video_3998.avi,11
videos/video_3999.avi,0
videos/video_4000.avi,5
videos/video_4001.avi,9
videos/video_4002.avi,3
videos/video_4003.avi,2
videos/video_4004.avi,4
videos/video_4005.avi,7
videos/video_4006.avi,1
videos/video_4007.avi,10
videos/video_4008.avi,8
videos/video_4009.avi,6
videos/video_4010.avi,11
videos/video_4011.avi,0
videos/video_4012.avi,5
videos/video_4013.avi,9
videos/video_4014.avi,3
videos/video_4015.avi,2
videos/video_4016.avi,4
videos/video_4017.avi,7
videos/video_4018.avi,1
videos/video_4019.avi,10
videos/video_4020.avi,8
videos/video_4021.avi,6
videos/video_4022.avi,11
videos/video_4023.avi,0
videos/video_4024.avi,5
videos/video_4025.avi,9
videos/video_4026.avi,3
videos/video_4027.avi,2
videos/video_4028.avi,4
videos/video_4029.avi,7
videos/video_4030.avi,1
videos/video_4031.avi,10
videos/video_4032.avi,8
videos/video_4033.avi,6
videos/video_4034.avi,11
videos/video_4035.avi,0
videos/video_4036.avi,5
videos/video_4037.avi,9
videos/video_4038.avi,3
videos/video_4039.avi,2
videos/video_4040.avi,4
videos/video_4041.avi,7
videos/video_4042.avi,1
videos/video_4043.avi,10
videos/video_4044.avi,8
videos/video_4045.avi,6
videos/video_4046.avi,11
videos/video_4047.avi,0
videos/video_4048.avi,5
videos/video_4049.avi,9
videos/video_4050.avi,3
videos/video_4051.avi,2
videos/video_4052.avi,4
videos/video_4053.avi,7
videos/video_4054.avi,1
videos/video_4055.avi,10
videos/video_4056.avi,8
videos/video_4057.avi,6
videos/video_4058.avi,11
videos/video_4059.avi,0
videos/video_4060.avi,5
videos/video_4061.avi,9
videos/video_4062.avi,3
videos/video_4063.avi,2
videos/video_4064.avi,4
videos/video_4065.avi,7
videos/video_4066.avi,1
videos/video_4067.avi,10
videos/video_4068.avi,8
videos/video_4069.avi,6
videos/video_4070.avi,11
videos/video_4071.avi,0
videos/video_4072.avi,5
videos/video_4073.avi,9
videos/video_4074.avi,3
videos/video_4075.avi,2
videos/video_4076.avi,4
videos/video_4077.avi,7
videos/video_4078.avi,1
videos/video_4079.avi,10
videos/video_4080.avi,8
videos/video_4081.avi,6
videos/video_4082.avi,11
videos/video_4083.avi,0
videos/video_4084.avi,5
videos/video_4085.avi,9
videos/video_4086.avi,3
videos/video_4087.avi,2
videos/video_4088.avi,4
videos/video_4089.avi,7
videos/video_4090.avi,1
videos/video_4091.avi,10
videos/video_4092.avi,8
videos/video_4093.avi,6
videos/video_4094.avi,11
videos/video_4095.avi,0
videos/video_4096.avi,5
videos/video_4097.avi,9
videos/video_4098.avi,3
videos/video_4099.avi,2
videos/video_4100.avi,4
videos/video_4101.avi,7
videos/video_4102.avi,1
videos/video_4103.avi,10
videos/video_4104.avi,8
videos/video_4105.avi,6
videos/video_4106.avi,11
videos/video_4107.avi,0
videos/video_4108.avi,5
videos/video_4109.avi,9
videos/video_4110.avi,3
videos/video_4111.avi,2
videos/video_4112.avi,4
videos/video_4113.avi,7
videos/video_4114.avi,1
videos/video_4115.avi,10
videos/video_4116.avi,8
videos/video_4117.avi,6
videos/video_4118.avi,11
videos/video_4119.avi,0
videos/video_4120.avi,5
videos/video_4121.avi,9
videos/video_4122.avi,3
videos/video_4123.avi,2
videos/video_4124.avi,4
videos/video_4125.avi,7
videos/video_4126.avi,1
videos/video_4127.avi,10
videos/video_4128.avi,8
videos/video_4129.avi,6
videos/video_4130.avi,11
videos/video_4131.avi,0
videos/video_4132.avi,5
videos/video_4133.avi,9
videos/video_4134.avi,3
videos/video_4135.avi,2
videos/video_4136.avi,4
videos/video_4137.avi,7
videos/video_4138.avi,1
videos/video_4139.avi,10
videos/video_4140.avi,8
videos/video_4141.avi,6
videos/video_4142.avi,11
videos/video_4143.avi,0
videos/video_4144.avi,5
videos/video_4145.avi,9
videos/video_4146.avi,3
videos/video_4147.avi,2
videos/video_4148.avi,4
videos/video_4149.avi,7
videos/video_4150.avi,1
videos/video_4151.avi,10
videos/video_4152.avi,8
videos/video_4153.avi,6
videos/video_4154.avi,11
videos/video_4155.avi,0
videos/video_4156.avi,5
videos/video_4157.avi,9
videos/video_4158.avi,3
videos/video_4159.avi,2
videos/video_4160.avi,4
videos/video_4161.avi,7
videos/video_4162.avi,1
videos/video_4163.avi,10
videos/video_4164.avi,8
videos/video_4165.avi,6
videos/video_4166.avi,11
videos/video_4167.avi,0
videos/video_4168.avi,5
videos/video_4169.avi,9
videos/video_4170.avi,3
videos/video_4171.avi,2
videos/video_4172.avi,4
videos/video_4173.avi,7
videos/video_4174.avi,1
videos/video_4175.avi,10
videos/video_4176.avi,8
videos/video_4177.avi,6
videos/video_4178.avi,11
videos/video_4179.avi,0
videos/video_4180.avi,5
videos/video_4181.avi,9
videos/video_4182.avi,3
videos/video_4183.avi,2
videos/video_4184.avi,4
videos/video_4185.avi,7
videos/video_4186.avi,1
videos/video_4187.avi,10
videos/video_4188.avi,8
videos/video_4189.avi,6
videos/video_4190.avi,11
videos/video_4191.avi,0
videos/video_4192.avi,5
videos/video_4193.avi,9
videos/video_4194.avi,3
videos/video_4195.avi,2
videos/video_4196.avi,4
videos/video_4197.avi,7
videos/video_4198.avi,1
videos/video_4199.avi,10
videos/video_4200.avi,8
videos/video_4201.avi,6
videos/video_4202.avi,11
videos/video_4203.avi,0
videos/video_4204.avi,5
videos/video_4205.avi,9
videos/video_4206.avi,3
videos/video_4207.avi,2
videos/video_4208.avi,4
videos/video_4209.avi,7
videos/video_4210.avi,1
videos/video_4211.avi,10
videos/video_4212.avi,8
videos/video_4213.avi,6
videos/video_4214.avi,11
videos/video_4215.avi,0
videos/video_4216.avi,5
videos/video_4217.avi,9
videos/video_4218.avi,3
videos/video_4219.avi,2
videos/video_4220.avi,4
videos/video_4221.avi,1
videos/video_4222.avi,0
videos/video_4223.avi,5
videos/video_4224.avi,3
videos/video_4225.avi,2
videos/video_4226.avi,4
videos/video_4227.avi,7
videos/video_4228.avi,1
videos/video_4229.avi,10
videos/video_4230.avi,8
videos/video_4231.avi,6
videos/video_4232.avi,11
videos/video_4233.avi,0
videos/video_4234.avi,5
videos/video_4235.avi,9
videos/video_4236.avi,3
videos/video_4237.avi,2
videos/video_4238.avi,4
videos/video_4239.avi,7
videos/video_4240.avi,1
videos/video_4241.avi,10
videos/video_4242.avi,8
videos/video_4243.avi,6
videos/video_4244.avi,11
videos/video_4245.avi,0
videos/video_4246.avi,5
videos/video_4247.avi,9
videos/video_4248.avi,3
videos/video_4249.avi,2
videos/video_4250.avi,4
videos/video_4251.avi,7
videos/video_4252.avi,1
videos/video_4253.avi,10
videos/video_4254.avi,8
videos/video_4255.avi,6
videos/video_4256.avi,11
videos/video_4257.avi,0
videos/video_4258.avi,5
videos/video_4259.avi,9
videos/video_4260.avi,3
videos/video_4261.avi,2
videos/video_4262.avi,4
videos/video_4263.avi,7
videos/video_4264.avi,1
videos/video_4265.avi,10
videos/video_4266.avi,8
videos/video_4267.avi,6
videos/video_4268.avi,11
videos/video_4269.avi,0
videos/video_4270.avi,5
videos/video_4271.avi,9
videos/video_4272.avi,3
videos/video_4273.avi,2
videos/video_4274.avi,4
videos/video_4275.avi,7
videos/video_4276.avi,1
videos/video_4277.avi,10
videos/video_4278.avi,8
videos/video_4279.avi,6
videos/video_4280.avi,11
videos/video_4281.avi,0
videos/video_4282.avi,5
videos/video_4283.avi,9
videos/video_4284.avi,3
videos/video_4285.avi,2
videos/video_4286.avi,4
videos/video_4287.avi,7
videos/video_4288.avi,1
videos/video_4289.avi,10
videos/video_4290.avi,8
videos/video_4291.avi,6
videos/video_4292.avi,11
videos/video_4293.avi,0
videos/video_4294.avi,5
videos/video_4295.avi,9
videos/video_4296.avi,3
videos/video_4297.avi,2
videos/video_4298.avi,4
videos/video_4299.avi,7
videos/video_4300.avi,1
videos/video_4301.avi,10
videos/video_4302.avi,8
videos/video_4303.avi,6
videos/video_4304.avi,11
videos/video_4305.avi,0
videos/video_4306.avi,5
videos/video_4307.avi,9
videos/video_4308.avi,3
videos/video_4309.avi,2
videos/video_4310.avi,4
videos/video_4311.avi,7
videos/video_4312.avi,1
videos/video_4313.avi,10
videos/video_4314.avi,8
videos/video_4315.avi,6
videos/video_4316.avi,11
videos/video_4317.avi,0
videos/video_4318.avi,5
videos/video_4319.avi,9
videos/video_4320.avi,3
videos/video_4321.avi,2
videos/video_4322.avi,4
videos/video_4323.avi,7
videos/video_4324.avi,1
videos/video_4325.avi,10
videos/video_4326.avi,8
videos/video_4327.avi,6
videos/video_4328.avi,11
videos/video_4329.avi,0
videos/video_4330.avi,5
videos/video_4331.avi,9
videos/video_4332.avi,3
videos/video_4333.avi,2
videos/video_4453.avi,4
videos/video_4454.avi,7
videos/video_4455.avi,1
videos/video_4456.avi,10
videos/video_4457.avi,8
videos/video_4458.avi,6
videos/video_4459.avi,11
videos/video_4460.avi,0
videos/video_4461.avi,5
videos/video_4462.avi,9
videos/video_4463.avi,3
videos/video_4464.avi,2
videos/video_4465.avi,4
videos/video_4466.avi,7
videos/video_4467.avi,1
videos/video_4468.avi,10
videos/video_4469.avi,8
videos/video_4470.avi,6
videos/video_4471.avi,11
videos/video_4472.avi,0
videos/video_4473.avi,5
videos/video_4474.avi,9
videos/video_4475.avi,3
videos/video_4476.avi,2
videos/video_4477.avi,4
videos/video_4478.avi,7
videos/video_4479.avi,1
videos/video_4480.avi,10
videos/video_4481.avi,8
videos/video_4482.avi,6
videos/video_4483.avi,11
videos/video_4484.avi,0
videos/video_4485.avi,5
videos/video_4486.avi,9
videos/video_4487.avi,3
videos/video_4488.avi,2
videos/video_4489.avi,4
videos/video_4490.avi,7
videos/video_4491.avi,1
videos/video_4492.avi,10
videos/video_4493.avi,8
videos/video_4494.avi,6
videos/video_4495.avi,11
videos/video_4496.avi,0
videos/video_4497.avi,5
videos/video_4498.avi,9
videos/video_4499.avi,3
videos/video_4500.avi,2
videos/video_4501.avi,4
videos/video_4502.avi,7
videos/video_4503.avi,1
videos/video_4504.avi,10
videos/video_4505.avi,8
videos/video_4506.avi,6
videos/video_4507.avi,11
videos/video_4508.avi,0
videos/video_4509.avi,5
videos/video_4510.avi,9
videos/video_4511.avi,3
videos/video_4512.avi,2
videos/video_4513.avi,4
videos/video_4514.avi,7
videos/video_4515.avi,1
videos/video_4516.avi,10
videos/video_4517.avi,8
videos/video_4518.avi,6
videos/video_4519.avi,11
videos/video_4520.avi,0
videos/video_4521.avi,5
videos/video_4522.avi,9
videos/video_4523.avi,3
videos/video_4524.avi,2
videos/video_4525.avi,4
videos/video_4526.avi,7
videos/video_4527.avi,1
videos/video_4528.avi,10
videos/video_4529.avi,8
videos/video_4530.avi,6
videos/video_4531.avi,11
videos/video_4532.avi,0
videos/video_4533.avi,5
videos/video_4534.avi,9
videos/video_4535.avi,3
videos/video_4536.avi,2
videos/video_4537.avi,4
videos/video_4538.avi,7
videos/video_4539.avi,1
videos/video_4540.avi,10
videos/video_4541.avi,8
videos/video_4542.avi,6
videos/video_4543.avi,11
videos/video_4544.avi,0
videos/video_4545.avi,5
videos/video_4546.avi,9
videos/video_4547.avi,3
videos/video_4548.avi,2
videos/video_4777.avi,4
videos/video_4778.avi,7
videos/video_4779.avi,1
videos/video_4780.avi,10
videos/video_4781.avi,8
videos/video_4782.avi,6
videos/video_4783.avi,11
videos/video_4784.avi,0
videos/video_4785.avi,5
videos/video_4786.avi,9
videos/video_4787.avi,3
videos/video_4788.avi,2
videos/video_4789.avi,4
videos/video_4790.avi,7
videos/video_4791.avi,1
videos/video_4792.avi,10
videos/video_4793.avi,8
videos/video_4794.avi,6
videos/video_4795.avi,11
videos/video_4796.avi,0
videos/video_4797.avi,5
videos/video_4798.avi,9
videos/video_4799.avi,3
videos/video_4800.avi,2
videos/video_4801.avi,4
videos/video_4802.avi,7
videos/video_4803.avi,1
videos/video_4804.avi,10
videos/video_4805.avi,8
videos/video_4806.avi,6
videos/video_4807.avi,11
videos/video_4808.avi,0
videos/video_4809.avi,5
videos/video_4810.avi,9
videos/video_4811.avi,3
videos/video_4812.avi,2
videos/video_4813.avi,4
videos/video_4814.avi,7
videos/video_4815.avi,1
videos/video_4816.avi,10
videos/video_4817.avi,8
videos/video_4818.avi,6
videos/video_4819.avi,11
videos/video_4820.avi,0
videos/video_4821.avi,5
videos/video_4822.avi,9
videos/video_4823.avi,3
videos/video_4824.avi,2
videos/video_4825.avi,4
videos/video_4826.avi,7
videos/video_4827.avi,1
videos/video_4828.avi,10
videos/video_4829.avi,8
videos/video_4830.avi,6
videos/video_4831.avi,11
videos/video_4832.avi,0
videos/video_4833.avi,5
videos/video_4834.avi,9
videos/video_4835.avi,3
videos/video_4836.avi,2
videos/video_4837.avi,4
videos/video_4838.avi,7
videos/video_4839.avi,1
videos/video_4840.avi,10
videos/video_4841.avi,8
videos/video_4842.avi,6
videos/video_4843.avi,11
videos/video_4844.avi,0
videos/video_4845.avi,5
videos/video_4846.avi,9
videos/video_4847.avi,3
videos/video_4848.avi,2
videos/video_4849.avi,4
videos/video_4850.avi,7
videos/video_4851.avi,1
videos/video_4852.avi,10
videos/video_4853.avi,8
videos/video_4854.avi,6
videos/video_4855.avi,11
videos/video_4856.avi,0
videos/video_4857.avi,5
videos/video_4858.avi,9
videos/video_4859.avi,3
videos/video_4860.avi,2
videos/video_4861.avi,4
videos/video_4862.avi,7
videos/video_4863.avi,1
videos/video_4864.avi,10
videos/video_4865.avi,8
videos/video_4866.avi,6
videos/video_4867.avi,11
videos/video_4868.avi,0
videos/video_4869.avi,5
videos/video_4870.avi,9
videos/video_4871.avi,3
videos/video_4872.avi,2
videos/video_4873.avi,4
videos/video_4874.avi,7
videos/video_4875.avi,1
videos/video_4876.avi,10
videos/video_4877.avi,8
videos/video_4878.avi,6
videos/video_4879.avi,11
videos/video_4880.avi,0
videos/video_4881.avi,5
videos/video_4882.avi,9
videos/video_4883.avi,3
videos/video_4884.avi,2
videos/video_4885.avi,4
videos/video_4886.avi,7
videos/video_4887.avi,1
videos/video_4888.avi,10
videos/video_4889.avi,8
videos/video_4890.avi,6
videos/video_4891.avi,11
videos/video_4892.avi,0
videos/video_4893.avi,5
videos/video_4894.avi,9
videos/video_4895.avi,3
videos/video_4896.avi,2
videos/video_4897.avi,4
videos/video_4898.avi,7
videos/video_4899.avi,1
videos/video_4900.avi,6
videos/video_4901.avi,0
videos/video_4902.avi,5
videos/video_4903.avi,3
videos/video_4904.avi,2
videos/video_4905.avi,4
videos/video_4906.avi,7
videos/video_4907.avi,1
videos/video_4908.avi,10
videos/video_4909.avi,8
videos/video_4910.avi,6
videos/video_4911.avi,11
videos/video_4912.avi,0
videos/video_4913.avi,5
videos/video_4914.avi,9
videos/video_4915.avi,3
videos/video_4916.avi,2
videos/video_4988.avi,4
videos/video_4989.avi,7
videos/video_4990.avi,1
videos/video_4991.avi,10
videos/video_4992.avi,8
videos/video_4993.avi,6
videos/video_4994.avi,11
videos/video_4995.avi,0
videos/video_4996.avi,5
videos/video_4997.avi,9
videos/video_4998.avi,3
videos/video_4999.avi,2
videos/video_5000.avi,4
videos/video_5001.avi,7
videos/video_5002.avi,1
videos/video_5003.avi,10
videos/video_5004.avi,8
videos/video_5005.avi,6
videos/video_5006.avi,11
videos/video_5007.avi,0
videos/video_5008.avi,5
videos/video_5009.avi,9
videos/video_5010.avi,3
videos/video_5011.avi,2
videos/video_5012.avi,4
videos/video_5013.avi,7
videos/video_5014.avi,1
videos/video_5015.avi,10
videos/video_5016.avi,8
videos/video_5017.avi,6
videos/video_5018.avi,11
videos/video_5019.avi,0
videos/video_5020.avi,5
videos/video_5021.avi,9
videos/video_5022.avi,3
videos/video_5023.avi,2
videos/video_5024.avi,4
videos/video_5025.avi,7
videos/video_5026.avi,1
videos/video_5027.avi,10
videos/video_5028.avi,8
videos/video_5029.avi,6
videos/video_5030.avi,11
videos/video_5031.avi,0
videos/video_5032.avi,5
videos/video_5033.avi,9
videos/video_5034.avi,3
videos/video_5035.avi,2
videos/video_5036.avi,4
videos/video_5037.avi,7
videos/video_5038.avi,1
videos/video_5039.avi,10
videos/video_5040.avi,8
videos/video_5041.avi,6
videos/video_5042.avi,11
videos/video_5043.avi,0
videos/video_5044.avi,5
videos/video_5045.avi,9
videos/video_5046.avi,3
videos/video_5047.avi,2
videos/video_5048.avi,4
videos/video_5049.avi,7
videos/video_5050.avi,1
videos/video_5051.avi,10
videos/video_5052.avi,8
videos/video_5053.avi,6
videos/video_5054.avi,11
videos/video_5055.avi,0
videos/video_5056.avi,5
videos/video_5057.avi,9
videos/video_5058.avi,3
videos/video_5059.avi,2
videos/video_5060.avi,4
videos/video_5061.avi,7
videos/video_5062.avi,1
videos/video_5063.avi,10
videos/video_5064.avi,8
videos/video_5065.avi,6
videos/video_5066.avi,11
videos/video_5067.avi,0
videos/video_5068.avi,5
videos/video_5069.avi,9
videos/video_5070.avi,3
videos/video_5071.avi,2
videos/video_5072.avi,4
videos/video_5073.avi,7
videos/video_5074.avi,1
videos/video_5075.avi,10
videos/video_5076.avi,8
videos/video_5077.avi,6
videos/video_5078.avi,11
videos/video_5079.avi,0
videos/video_5080.avi,5
videos/video_5081.avi,9
videos/video_5082.avi,3
videos/video_5083.avi,2
videos/video_5084.avi,4
videos/video_5085.avi,7
videos/video_5086.avi,1
videos/video_5087.avi,10
videos/video_5088.avi,8
videos/video_5089.avi,6
videos/video_5090.avi,11
videos/video_5091.avi,0
videos/video_5092.avi,5
videos/video_5093.avi,9
videos/video_5094.avi,3
videos/video_5095.avi,2
videos/video_5096.avi,4
videos/video_5097.avi,7
videos/video_5098.avi,1
videos/video_5099.avi,10
videos/video_5100.avi,8
videos/video_5101.avi,6
videos/video_5102.avi,11
videos/video_5103.avi,0
videos/video_5104.avi,5
videos/video_5105.avi,9
videos/video_5106.avi,3
videos/video_5107.avi,2
videos/video_5228.avi,4
videos/video_5229.avi,7
videos/video_5230.avi,1
videos/video_5231.avi,10
videos/video_5232.avi,8
videos/video_5233.avi,6
videos/video_5234.avi,11
videos/video_5235.avi,0
videos/video_5236.avi,5
videos/video_5237.avi,9
videos/video_5238.avi,3
videos/video_5239.avi,2
videos/video_5240.avi,4
videos/video_5241.avi,7
videos/video_5242.avi,1
videos/video_5243.avi,10
videos/video_5244.avi,8
videos/video_5245.avi,6
videos/video_5246.avi,11
videos/video_5247.avi,0
videos/video_5248.avi,5
videos/video_5249.avi,9
videos/video_5250.avi,3
videos/video_5251.avi,2
videos/video_5252.avi,4
videos/video_5253.avi,7
videos/video_5254.avi,1
videos/video_5255.avi,10
videos/video_5256.avi,8
videos/video_5257.avi,6
videos/video_5258.avi,11
videos/video_5259.avi,0
videos/video_5260.avi,5
videos/video_5261.avi,9
videos/video_5262.avi,3
videos/video_5263.avi,2
videos/video_5264.avi,4
videos/video_5265.avi,7
videos/video_5266.avi,1
videos/video_5267.avi,10
videos/video_5268.avi,8
videos/video_5269.avi,6
videos/video_5270.avi,11
videos/video_5271.avi,0
videos/video_5272.avi,5
videos/video_5273.avi,9
videos/video_5274.avi,3
videos/video_5275.avi,2
videos/video_5276.avi,4
videos/video_5277.avi,7
videos/video_5278.avi,1
videos/video_5279.avi,10
videos/video_5280.avi,8
videos/video_5281.avi,6
videos/video_5282.avi,11
videos/video_5283.avi,0
videos/video_5284.avi,5
videos/video_5285.avi,9
videos/video_5286.avi,3
videos/video_5287.avi,2
videos/video_5288.avi,4
videos/video_5289.avi,7
videos/video_5290.avi,1
videos/video_5291.avi,10
videos/video_5292.avi,8
videos/video_5293.avi,6
videos/video_5294.avi,11
videos/video_5295.avi,0
videos/video_5296.avi,5
videos/video_5297.avi,9
videos/video_5298.avi,3
videos/video_5299.avi,2
videos/video_5300.avi,4
videos/video_5301.avi,7
videos/video_5302.avi,1
videos/video_5303.avi,10
videos/video_5304.avi,8
videos/video_5305.avi,6
videos/video_5306.avi,11
videos/video_5307.avi,0
videos/video_5308.avi,5
videos/video_5309.avi,9
videos/video_5310.avi,3
videos/video_5311.avi,2
videos/video_5312.avi,4
videos/video_5313.avi,7
videos/video_5314.avi,1
videos/video_5315.avi,10
videos/video_5316.avi,8
videos/video_5317.avi,6
videos/video_5318.avi,11
videos/video_5319.avi,0
videos/video_5320.avi,5
videos/video_5321.avi,9
videos/video_5322.avi,3
videos/video_5323.avi,2
videos/video_5324.avi,4
videos/video_5325.avi,7
videos/video_5326.avi,1
videos/video_5327.avi,10
videos/video_5328.avi,8
videos/video_5329.avi,11
videos/video_5330.avi,0
videos/video_5331.avi,5
videos/video_5332.avi,9
videos/video_5333.avi,3
videos/video_5334.avi,2
videos/video_5335.avi,4
videos/video_5336.avi,7
videos/video_5337.avi,1
videos/video_5338.avi,10
videos/video_5339.avi,8
videos/video_5340.avi,6
videos/video_5341.avi,11
videos/video_5342.avi,0
videos/video_5343.avi,5
videos/video_5344.avi,9
videos/video_5345.avi,3
videos/video_5346.avi,2
